sourceName,targetName,status,confidence,reason
"WRECKS01","K24_Wreck_showing_hull.svg","alias_target_missing","medium","Seed wreck hull equivalent."
"WRECKS05","K25_Wreck_danger_no_depth.svg","alias_target_missing","medium","Seed dangerous wreck no-depth equivalent."
"BOYCON01","Q20b_Conical_buoy.svg","aliased","medium","Seed INT1 conical buoy equivalent; refine after full OpenCPN symbol extraction."
"BOYSPH01","Q22a_Spherical_buoy.svg","aliased","medium","Seed INT1 spherical buoy equivalent."
"LOWACC01","GENERATED_LOWACC01","aliased","medium","Required low-accuracy point marker; generated composite planned."
"ACHARE02","","missing_alias_or_generated_symbol","",""
"ACHARE51","","missing_alias_or_generated_symbol","",""
"ACHBRT07","","missing_alias_or_generated_symbol","",""
"ACHPNT01","","missing_alias_or_generated_symbol","",""
"ACHRES61","","missing_alias_or_generated_symbol","",""
"ACHRES71","","missing_alias_or_generated_symbol","",""
"ADDMRK01","","missing_alias_or_generated_symbol","",""
"ADDMRK02","","missing_alias_or_generated_symbol","",""
"ADDMRK05","","missing_alias_or_generated_symbol","",""
"AIRARE02","","missing_alias_or_generated_symbol","",""
"AISDEF01","","missing_alias_or_generated_symbol","",""
"AISONE01","","missing_alias_or_generated_symbol","",""
"AISSIX01","","missing_alias_or_generated_symbol","",""
"AISSLP01","","missing_alias_or_generated_symbol","",""
"AISVES01","","missing_alias_or_generated_symbol","",""
"ARPATG01","","missing_alias_or_generated_symbol","",""
"ARPONE01","","missing_alias_or_generated_symbol","",""
"ARPSIX01","","missing_alias_or_generated_symbol","",""
"B""
    private const val LOOKUPS_DATA_10: String = ""OYCAN71","","missing_alias_or_generated_symbol","",""
"BCNCAR01","","missing_alias_or_generated_symbol","",""
"BCNCAR02","","missing_alias_or_generated_symbol","",""
"BCNCAR03","","missing_alias_or_generated_symbol","",""
"BCNCAR04","","missing_alias_or_generated_symbol","",""
"BCNCON81","","missing_alias_or_generated_symbol","",""
"BCNDEF13","","missing_alias_or_generated_symbol","",""
"BCNGEN01","","missing_alias_or_generated_symbol","",""
"BCNGEN03","","missing_alias_or_generated_symbol","",""
"BCNGEN05","","missing_alias_or_generated_symbol","",""
"BCNGEN60","","missing_alias_or_generated_symbol","",""
"BCNGEN61","","missing_alias_or_generated_symbol","",""
"BCNGEN64","","missing_alias_or_generated_symbol","",""
"BCNGEN65","","missing_alias_or_generated_symbol","",""
"BCNGEN68","","missing_alias_or_generated_symbol","",""
"BCNGEN69","","missing_alias_or_generated_symbol","",""
"BCNGEN70","","missing_alias_or_generated_symbol","",""
"BCNGEN71","","missing_alias_or_generated_symbol","",""
"BCNGEN76","","missing_alias_or_generated_symbol","",""
"BCNGEN79","","missing_alias_or_generated_symbol","",""
"BCNGEN80","","missing_alias_or_generated_symbol","",""
"BCNISD21","","missing_alias_or_generated_symbol","",""
"BCNLAT15","","missing_alias_or_generated_symbol","",""
"BCNLAT16","","missing_alias_or_generated_symbol","",""
"BCNLAT21","","missing_alias_or_generated_symbol","",""
"BCNLAT22","","missing_alias_or_generated_symbol","",""
"BCNLAT23","","missing_alias_or_generated_symbol","",""
"BCNLAT50","","missing_alias_or_generated_symbol","",""
"BCNLTC01","","missing_alias_or_generated_symbol","",""
"BCNSAW13","","missing_alias_or_generated_symbol","",""
"BCNSAW21","","missing_alias_or_generated_symbol","",""
"BCNSPP13","","missing_alias_or_generated_symbol","",""
"BCNSPP21","","missing_alias_or_generated_symbol","",""
"BCNSPR62","","missing_alias_or_generated_symbol","",""
"BCNSTK02","","missing_alias_or_generated_symbol","",""
"BCNSTK03","","missing_alias_or_generated_symbol","",""
"BCNSTK05","","missing_alias_or_generated_symbol","",""
"BCNSTK08","","missing_alias_or_generated_symbol","",""
"BCNSTK60","","missing_alias_or_generated_symbol","",""
"BCNSTK61","","missing_alias_or_generated_symbol","",""
"BCNSTK62","","missing_alias_or_generated_symbol","",""
"BCNSTK77","","missing_alias_or_generated_symbol","",""
"BCNSTK78","","missing_alias_or_generated_symbol","",""
"BCNSTK79","","missing_alias_or_generated_symbol","",""
"BCNSTK80","","missing_alias_or_generated_symbol","",""
"BCNSTK81","","missing_alias_or_generated_symbol","",""
"BCNSTK82","","missing_alias_or_generated_symbol","",""
"BCNSTK83","","missing_alias_or_generated_symbol","",""
"BCNTOW01","","missing_alias_or_generated_symbol","",""
"BCNTOW05","","missing_alias_or_generated_symbol","",""
"BCNTOW60","","missing_alias_or_generated_symbol","",""
"BCNTOW61","","missing_alias_or_generated_symbol","",""
"BCNTOW62","","missing_alias_or_generated_symbol","",""
"BCNTOW63","","missing_alias_or_generated_symbol","",""
"BCNTOW64","","missing_alias_or_generated_symbol","",""
"BCNTOW65","","missing_alias_or_generated_symbol","",""
"BCNTOW66","","missing_alias_or_generated_symbol","",""
"BCNTOW68","","missing_alias_or_generated_symbol","",""
"BCNTOW69","","missing_alias_or_generated_symbol","",""
"BCNTOW70","","missing_alias_or_generated_symbol","",""
"BCNTOW71","","missing_alias_or_generated_symbol","",""
"BCNTOW74","","missing_alias_or_generated_symbol","",""
"BCNTOW76","","missing_alias_or_generated_symbol","",""
"BCNTOW85","","missing_alias_or_generated_symbol","",""
"BCNTOW86","","missing_alias_or_generated_symbol","",""
"BCNTOW87","","missing_alias_or_generated_symbol","",""
"BCNTOW88","","missing_alias_or_generated_symbol","",""
"BCNTOW89","","missing_alias_or_generated_symbol","",""
"BCNTOW90","","missing_alias_or_generated_symbol","",""
"BCNTOW91","","missing_alias_or_generated_symbol","",""
"BLKADJ01","","missing_alias_or_generated_symbol","",""
"BORDER01","","missing_alias_or_generated_symbol","",""
"BOYBAR01","","missing_alias_or_generated_symbol","",""
"BOYBAR60","","missing_alias_or_generated_symbol","",""
"BOYBAR61","","missing_alias_or_generated_symbol","",""
"BOYBAR62","","missing_alias_or_generated_symbol","",""
"BOYCAN01","","missing_alias_or_generated_symbol","",""
"BOYCAN60","","missing_alias_or_generated_symbol","",""
"BOYCAN61","","missing_alias_or_generated_symbol","",""
"BOYCAN62","","missing_alias_or_generated_symbol","",""
"BOYCAN63","","missing_alias_or_generated_symbol","",""
"BOYCAN64","","missing_alias_or_generated_symbol","",""
"BOYCAN65","","missing_alias_or_generated_symbol","",""
"BOYCAN68","","missing_alias_or_generated_symbol","",""
"BOYCAN69","","missing_alias_or_generated_symbol","",""
"BOYCAN70","","missing_alias_or_generated_symbol","",""
"BOYCAN72","","missing_alias_or_generated_symbol","",""
"BOYCAN73","","missing_alias_or_generated_symbol","",""
"BOYCAN74","","missing_alias_or_generated_symbol","",""
"BOYCAN75","","missing_alias_or_generated_symbol","",""
"BOYCAN76","","missing_alias_or_generated_symbol","",""
"BOYCAN77","","missing_alias_or_generated_symbol","",""
"BOYCAN78","","missing_alias_or_generated_symbol","",""
"BOYCAN79","","missing_alias_or_generated_symbol","",""
"BOYCAN80","","missing_alias_or_generated_symbol","",""
"BOYCAN81","","missing_alias_or_generated_symbol","",""
"BOYCAN82","","missing_alias_or_generated_symbol","",""
"BOYCAN83","","missing_alias_or_generated_symbol","",""
"BOYCAR01","","missing_alias_or_generated_symbol","",""
"BOYCAR02","","missing_alias_or_generated_symbol","",""
"BOYCAR03","","missing_alias_or_generated_symbol","",""
"BOYCAR04","","missing_alias_or_generated_symbol","",""
"BOYCON60","","missing_alias_or_generated_symbol","",""
"BOYCON61","","missing_alias_or_generated_symbol","",""
"BOYCON62","","missing_alias_or_generated_symbol","",""
"BOYCON63","","missing_alias_or_generated_symbol","",""
"BOYCON64","","missing_alias_or_generated_symbol","",""
"BOYCON65","","missing_alias_or_generated_symbol","",""
"BOYCON66","","missing_alias_or_generated_symbol","",""
"BOYCON67","","missing_alias_or_generated_symbol","",""
"BOYCON68","","missing_alias_or_generated_symbol","",""
"BOYCON69","","missing_alias_or_generated_symbol","",""
"BOYCON70","","missing_alias_or_generated_symbol","",""
"BOYCON71","","missing_alias_or_generated_symbol","",""
"BOYCON72","","missing_alias_or_generated_symbol","",""
"BOYCON73","","missing_alias_or_generated_symbol","",""
"BOYCON74","","missing_alias_or_generated_symbol","",""
"BOYCON77","","missing_alias_or_generated_symbol","",""
"BOYCON78","","missing_alias_or_generated_symbol","",""
"BOYCON79","","missing_alias_or_generated_symbol","",""
"BOYCON80","","missing_alias_or_generated_symbol","",""
"BOYCON81","","missing_alias_or_generated_symbol","",""
"BOYDEF03","","missing_alias_or_generated_symbol","",""
"BOYGEN03","","missing_alias_or_generated_symbol","",""
"BOYINB01","","missing_alias_or_generated_symbol","",""
"BOYISD12","","missing_alias_or_generated_symbol","",""
"BOYLAT13","","missing_alias_or_generated_symbol","",""
"BOYLAT14","","missing_alias_or_generated_symbol","",""
"BOYLAT23","","missing_alias_or_generated_symbol","",""
"BOYLAT24","","missing_alias_or_generated_symbol","",""
"BOYLAT25","","missing_alias_or_generated_symbol","",""
"BOYLAT26","","missing_alias_or_generated_symbol","",""
"BOYLAT27","","missing_alias_or_generated_symbol","",""
"BOYLAT50","","missing_alias_or_generated_symbol","",""
"BOYLAT51","","missing_alias_or_generated_symbol","",""
"BOYLAT52","","missing_alias_or_generated_symbol","",""
"BOYLAT53","","missing_alias_or_generated_symbol","",""
"BOYLAT54","","missing_alias_or_generated_symbol","",""
"BOYLAT55","","missing_alias_or_generated_symbol","",""
"BOYLAT56","","missing_alias_or_generated_symbol","",""
"BOYMOR01","","missing_alias_or_generated_symbol","",""
"BOYMOR03","","missing_alias_or_generated_symbol","",""
"BOYMOR11","","missing_alias_or_generated_symbol","",""
"BOYMOR31","","missing_alias_or_generated_symbol","",""
"BOYPIL01","","missing_alias_or_generated_symbol","",""
"BOYPIL59","","missing_alias_or_generated_symbol","",""
"BOYPIL60","","missing_alias_or_generated_symbol","",""
"BOYPIL61","","missing_alias_or_generated_symbol","",""
"BOYPIL62","","missing_alias_or_generated_symbol","",""
"BOYPIL66","","missing_alias_or_generated_symbol","",""
"BOYPIL67","","missing_alias_or_generated_symbol","",""
"BOYPIL68","","missing_alias_or_generated_symbol","",""
"BOYPIL69","","missing_alias_or_generated_symbol","",""
"BOYPIL70","","missing_alias_or_generated_symbol","",""
"BOYPIL71","","missing_alias_or_generated_symbol","",""
"BOYPIL72","","missing_alias_or_generated_symbol","",""
"BOYPIL73","","missing_alias_or_generated_symbol","",""
"BOYPIL74","","missing_alias_or_generated_symbol","",""
"BOYPIL78","","missing_alias_or_generated_symbol","",""
"BOYPIL81","","missing_alias_or_generated_symbol","",""
"BOYSAW12","","missing_alias_or_generated_symbol","",""
"BOYSPH05","","missing_alias_or_generated_symbol","",""
"BOYSPH60","","missing_alias_or_generated_symbol","",""
"BOYSPH62","","missing_alias_or_generated_symbol","",""
"BOYSPH65","","missing_alias_or_generated_symbol","",""
"BOYSPH66","","missing_alias_or_generated_symbol","",""
"BOYSPH68","","missing_alias_or_generated_symbol","",""
"BOYSPH69","","missing_alias_or_generated_symbol","",""
"BOYSPH70","","missing_alias_or_generated_symbol","",""
"BOYSPH71","","missing_alias_or_generated_symbol","",""
"BOYSPH74","","missing_alias_or_generated_symbol","",""
"BOYSPH75","","missing_alias_or_generated_symbol","",""
"BOYSPH77","","missing_alias_or_generated_symbol","",""
"BOYSPH79","","missing_alias_or_generated_symbol","",""
"BOYSPP11","","missing_alias_or_generated_symbol","",""
"BOYSPP15","","missing_alias_or_generated_symbol","",""
"BOYSPP25","","missing_alias_or_generated_symbol","",""
"BOYSPR01","","missing_alias_or_generated_symbol","",""
"BOYSPR02","","missing_alias_or_generated_symbol","",""
"BOYSPR03","","missing_alias_or_generated_symbol","",""
"BOYSPR04","","missing_alias_or_generated_symbol","",""
"BOYSPR05","","missing_alias_or_generated_symbol","",""
"BOYSPR60","","missing_alias_or_generated_symbol","",""
"BOYSPR61","","missing_alias_or_generated_symbol","",""
"BOYSPR62","","missing_alias_or_generated_symbol","",""
"BOYSPR65","","missing_alias_or_generated_symbol","",""
"BOYSPR68","","missing_alias_or_generated_symbol","",""
"BOYSPR69","","missing_alias_or_generated_symbol","",""
"BOYSPR70","","missing_alias_or_generated_symbol","",""
"BOYSPR71","","missing_alias_or_generated_symbol","",""
"BOYSPR72","","missing_alias_or_generated_symbol","",""
"BOYSUP01","","missing_alias_or_generated_symbol","",""
"BOYSUP02","","missing_alias_or_generated_symbol","",""
"BOYSUP03","","missing_alias_or_generated_symbol","",""
"BOYSUP62","","missing_alias_or_generated_symbol","",""
"BOYSUP65","","missing_alias_or_generated_symbol","",""
"BOYSUP66","","missing_alias_or_generated_symbol","",""
"BRIDGE01","","missing_alias_or_generated_symbol","",""
"BRTHNO01","","missing_alias_or_generated_symbol","",""
"BUAARE02","","missing_alias_or_generated_symbol","",""
"BUIREL01","","missing_alias_or_generated_symbol","",""
"BUIREL04","","missing_alias_or_generated_symbol","",""
"BUIREL05","","missing_alias_or_generated_symbol","",""
"BUIREL13","","missing_alias_or_generated_symbol","",""
"BUIREL14","","missing_alias_or_generated_symbol","",""
"BUIREL15","","missing_alias_or_generated_symbol","",""
"BUISGL01","","missing_alias_or_generated_symbol","",""
"BUISGL11","","missing_alias_or_generated_symbol","",""
"BUNSTA01","","missing_alias_or_generated_symbol","",""
"BUNSTA02","","missing_alias_or_generated_symbol","",""
"BUNSTA03","","missing_alias_or_generated_symbol","",""
"CAIRNS01","","missing_alias_or_generated_symbol","",""
"CAIRNS11","","missing_alias_or_generated_symbol","",""
"CBLARE51","","missing_alias_or_generated_symbol","",""
"CGUSTA02","","missing_alias_or_generated_symbol","",""
"CHCRDEL1","","missing_alias_or_generated_symbol","",""
"CHCRID01","","missing_alias_or_generated_symbol","",""
"CHIMNY01","","missing_alias_or_generated_symbol","",""
"CHIMNY11","","missing_alias_or_generated_symbol","",""
"CHINFO06","","missing_alias_or_generated_symbol","",""
"CHINFO07","","missing_alias_or_generated_symbol","",""
"CHINFO08","","missing_alias_or_generated_symbol","",""
"CHINFO09","","missing_alias_or_generated_symbol","",""
"CHINFO10","","missing_alias_or_generated_symbol","",""
"CHINFO11","","missing_alias_or_generated_symbol","",""
"CHKSYM01","","missing_alias_or_generated_symbol","",""
"CLRLIN01","","missing_alias_or_generated_symbol","",""
"CRANES01","","missing_alias_or_generated_symbol","",""
"CROSSX02","","missing_alias_or_generated_symbol","",""
"CTNARE51","","missing_alias_or_generated_symbol","",""
"CTYARE51","","missing_alias_or_generated_symbol","",""
"CURDEF01","","missing_alias_or_generated_symbol","",""
"CURENT01","","missing_alias_or_generated_symbol","",""
"CURSRA01","","missing_alias_or_generated_symbol","",""
"CURSRB01","","missing_alias_or_generated_symbol","",""
"CUSTOM01","","missing_alias_or_generated_symbol","",""
"DANGER51","","missing_alias_or_generated_symbol","",""
"DANGER52","","missing_alias_or_generated_symbol","",""
"DANGER53","","missing_alias_or_generated_symbol","",""
"DASH","","missing_alias_or_generated_symbol","",""
"DAYSQR01","","missing_alias_or_generated_symbol","",""
"DAYSQR21","","missing_alias_or_generated_symbol","",""
"DAYTRI01","","missing_alias_or_generated_symbol","",""
"DAYTRI05","","missing_alias_or_generated_symbol","",""
"DGPS01DRFSTA01","","missing_alias_or_generated_symbol","",""
"DIAMOND1","","missing_alias_or_generated_symbol","",""
"DIRBOY01","","missing_alias_or_generated_symbol","",""
"DIRBOYA1","","missing_alias_or_generated_symbol","",""
"DIRBOYB1","","missing_alias_or_generated_symbol","",""
"DISMAR03","","missing_alias_or_generated_symbol","",""
"DISMAR04","","missing_alias_or_generated_symbol","",""
"DISMAR05","","missing_alias_or_generated_symbol","",""
"DISMAR06","","missing_alias_or_generated_symbol","",""
"DNGHILIT","","missing_alias_or_generated_symbol","",""
"DOMES001","","missing_alias_or_generated_symbol","",""
"DOMES011","","missing_alias_or_generated_symbol","",""
"DOTT","","missing_alias_or_generated_symbol","",""
"DQUALA11","","missing_alias_or_generated_symbol","",""
"DQUALA21","","missing_alias_or_generated_symbol","",""
"DQUALB01","","missing_alias_or_generated_symbol","",""
"DQUALC01","","missing_alias_or_generated_symbol","",""
"DQUALD01","","missing_alias_or_generated_symbol","",""
"DQUALU01","","missing_alias_or_generated_symbol","",""
"DSHAER01","","missing_alias_or_generated_symbol","",""
"DSHAER11","","missing_alias_or_generated_symbol","",""
"DWRTPT51","","missing_alias_or_generated_symbol","",""
"DWRUTE51","","missing_alias_or_generated_symbol","",""
"EBBSTR01","","missing_alias_or_generated_symbol","",""
"EBLVRM11","","missing_alias_or_generated_symbol","",""
"ERBLTIK1","","missing_alias_or_generated_symbol","",""
"ESSARE01","","missing_alias_or_generated_symbol","",""
"EVENTS02","","missing_alias_or_generated_symbol","",""
"FAIRWY51","","missing_alias_or_generated_symbol","",""
"FAIRWY52","","missing_alias_or_generated_symbol","",""
"FLASTK01","","missing_alias_or_generated_symbol","",""
"FLASTK11","","missing_alias_or_generated_symbol","",""
"FLDSTR01","","missing_alias_or_generated_symbol","",""
"FLGSTF01","","missing_alias_or_generated_symbol","",""
"FLTHAZ02","","missing_alias_or_generated_symbol","",""
"FOGSIG01","","missing_alias_or_generated_symbol","",""
"FORSTC01","","missing_alias_or_generated_symbol","",""
"FORSTC11","","missing_alias_or_generated_symbol","",""
"FOULAR01","","missing_alias_or_generated_symbol","",""
"FOULGND1","","missing_alias_or_generated_symbol","",""
"FRYARE51","","missing_alias_or_generated_symbol","",""
"FRYARE52","","missing_alias_or_generated_symbol","",""
"FSHFAC02","","missing_alias_or_generated_symbol","",""
"FSHFAC03","","missing_alias_or_generated_symbol","",""
"FSHFAC04","","missing_alias_or_generated_symbol","",""
"FSHGRD01","","missing_alias_or_generated_symbol","",""
"FSHHAV01","","missing_alias_or_generated_symbol","",""
"FSHHAV02","","missing_alias_or_generated_symbol","",""
"GATCON03","","missing_alias_or_generated_symbol","",""
"GATCON04","","missing_alias_or_generated_symbol","",""
"HECMTR01","","missing_alias_or_generated_symbol","",""
"HECMTR02","","missing_alias_or_generated_symbol","",""
"HGWTMK01","","missing_alias_or_generated_symbol","",""
"HILTOP01","","missing_alias_or_generated_symbol","",""
"HILTOP11","","missing_alias_or_generated_symbol","",""
"HRBFAC09","","missing_alias_or_generated_symbol","",""
"HRBFAC10","","missing_alias_or_generated_symbol","",""
"HRBFAC11","","missing_alias_or_generated_symbol","",""
"HRBFAC12","","missing_alias_or_generated_symbol","",""
"HRBFAC13","","missing_alias_or_generated_symbol","",""
"HRBFAC14","","missing_alias_or_generated_symbol","",""
"HRBFAC15","","missing_alias_or_generated_symbol","",""
"HRBFAC16","","missing_alias_or_generated_symbol","",""
"HRBFAC17","","missing_alias_or_generated_symbol","",""
"HRBFAC18","","missing_alias_or_generated_symbol","",""
"HULKES01","","missing_alias_or_generated_symbol","",""
"ICEARE04","","missing_alias_or_generated_symbol","",""
"INFARE51","","missing_alias_or_generated_symbol","",""
"INFORM01","","missing_alias_or_generated_symbol","",""
"ISODGR51","","missing_alias_or_generated_symbol","",""
"ITZARE51","","missing_alias_or_generated_symbol","",""
"LITFLT01","","missing_alias_or_generated_symbol","",""
"LITFLT02","","missing_alias_or_generated_symbol","",""
"LITFLT10","","missing_alias_or_generated_symbol","",""
"LITFLT61","","missing_alias_or_generated_symbol","",""
"LITVES01","","missing_alias_or_generated_symbol","",""
"LITVES02","","missing_alias_or_generated_symbol","",""
"LITVES60","","missing_alias_or_generated_symbol","",""
"LITVES61","","missing_alias_or_generated_symbol","",""
"LNDARE01","","missing_alias_or_generated_symbol","",""
"LOCMAG01","","missing_alias_or_generated_symbol","",""
"LOCMAG51","","missing_alias_or_generated_symbol","",""
"MAGVAR01","","missing_alias_or_generated_symbol","",""
"MAGVAR51","","missing_alias_or_generated_symbol","",""
"MARCUL02","","missing_alias_or_generated_symbol","",""
"MARSHES1","","missing_alias_or_generated_symbol","",""
"MONUMT02","","missing_alias_or_generated_symbol","",""
"MONUMT12","","missing_alias_or_generated_symbol","",""
"MORFAC03","","missing_alias_or_generated_symbol","",""
"MORFAC04","","missing_alias_or_generated_symbol","",""
"MSTCON04","","missing_alias_or_generated_symbol","",""
"MSTCON14","","missing_alias_or_generated_symbol","",""
"NEWOBJ 01","","missing_alias_or_generated_symbol","",""
"NEWOBJ01","","missing_alias_or_generated_symbol","",""
"NMKINF01","","missing_alias_or_generated_symbol","",""
"NMKINF02","","missing_alias_or_generated_symbol","",""
"NMKINF03","","missing_alias_or_generated_symbol","",""
"NMKINF04","","missing_alias_or_generated_symbol","",""
"NMKINF05","","missing_alias_or_generated_symbol","",""
"NMKINF06","","missing_alias_or_generated_symbol","",""
"NMKINF19","","missing_alias_or_generated_symbol","",""
"NMKINF20","","missing_alias_or_generated_symbol","",""
"NMKINF21","","missing_alias_or_generated_symbol","",""
"NMKINF22","","missing_alias_or_generated_symbol","",""
"NMKINF23","","missing_alias_or_generated_symbol","",""
"NMKINF24","","missing_alias_or_generated_symbol","",""
"NMKINF25","","missing_alias_or_generated_symbol","",""
"NMKINF26","","missing_alias_or_generated_symbol","",""
"NMKINF27","","missing_alias_or_generated_symbol","",""
"NMKINF28","","missing_alias_or_generated_symbol","",""
"NMKINF29","","missing_alias_or_generated_symbol","",""
"NMKINF38","","missing_alias_or_generated_symbol","",""
"NMKINF40","","missing_alias_or_generated_symbol","",""
"NMKINF43","","missing_alias_or_generated_symbol","",""
"NMKINF44","","missing_alias_or_generated_symbol","",""
"NMKINF45","","missing_alias_or_generated_symbol","",""
"NMKINF46","","missing_alias_or_generated_symbol","",""
"NMKINF47","","missing_alias_or_generated_symbol","",""
"NMKINF48","","missing_alias_or_generated_symbol","",""
"NMKINF49","","missing_alias_or_generated_symbol","",""
"NMKINF50","","missing_alias_or_generated_symbol","",""
"NMKINF53","","missing_alias_or_generated_symbol","",""
"NMKPRH02","","missing_alias_or_generated_symbol","",""
"NMKPRH06","","missing_alias_or_generated_symbol","",""
"NMKPRH07","","missing_alias_or_generated_symbol","",""
"NMKPRH08","","missing_alias_or_generated_symbol","",""
"NMKPRH10","","missing_alias_or_generated_symbol","",""
"NMKPRH11","","missing_alias_or_generated_symbol","",""
"NMKPRH12","","missing_alias_or_generated_symbol","",""
"NMKPRH13","","missing_alias_or_generated_symbol","",""
"NMKPRH14","","missing_alias_or_generated_symbol","",""
"NMKRCD01","","missing_alias_or_generated_symbol","",""
"NMKRCD02","","missing_alias_or_generated_symbol","",""
"NMKRCD03","","missing_alias_or_generated_symbol","",""
"NMKRCD04","","missing_alias_or_generated_symbol","",""
"NMKRCD05","","missing_alias_or_generated_symbol","",""
"NMKRCD06","","missing_alias_or_generated_symbol","",""
"NMKREG01","","missing_alias_or_generated_symbol","",""
"NMKREG02","","missing_alias_or_generated_symbol","",""
"NMKREG03","","missing_alias_or_generated_symbol","",""
"NMKREG10","","missing_alias_or_generated_symbol","",""
"NMKREG11","","missing_alias_or_generated_symbol","",""
"NMKREG12","","missing_alias_or_generated_symbol","",""
"NMKREG13","","missing_alias_or_generated_symbol","",""
"NMKREG14","","missing_alias_or_generated_symbol","",""
"NMKREG15","","missing_alias_or_generated_symbol","",""
"NMKREG16","","missing_alias_or_generated_symbol","",""
"NMKREG17","","missing_alias_or_generated_symbol","",""
"NMKREG19","","missing_alias_or_generated_symbol","",""
"NMKREG20","","missing_alias_or_generated_symbol","",""
"NODATA03","","missing_alias_or_generated_symbol","",""
"NORTHAR1","","missing_alias_or_generated_symbol","",""
"NOTBRD11","","missing_alias_or_generated_symbol","",""
"NOTBRD12","","missing_alias_or_generated_symbol","",""
"NOTMRK01","","missing_alias_or_generated_symbol","",""
"NOTMRK02","","missing_alias_or_generated_symbol","",""
"NOTMRK03","","missing_alias_or_generated_symbol","",""
"OBSTRN01","","missing_alias_or_generated_symbol","",""
"OBSTRN02","","missing_alias_or_generated_symbol","",""
"OBSTRN03","","missing_alias_or_generated_symbol","",""
"OBSTRN11","","missing_alias_or_generated_symbol","",""
"OFSPLF01","","missing_alias_or_generated_symbol","",""
"OSPONE02","","missing_alias_or_generated_symbol","",""
"OSPSIX02","","missing_alias_or_generated_symbol","",""
"OVERSC01","","missing_alias_or_generated_symbol","",""
"OWNSHP01","","missing_alias_or_generated_symbol","",""
"OWNSHP05","","missing_alias_or_generated_symbol","",""
"PIER0001","","missing_alias_or_generated_symbol","",""
"PILBOP02","","missing_alias_or_generated_symbol","",""
"PILPNT02","","missing_alias_or_generated_symbol","",""
"PLNPOS01","","missing_alias_or_generated_symbol","",""
"PLNPOS02","","missing_alias_or_generated_symbol","",""
"PLNSPD03","","missing_alias_or_generated_symbol","",""
"PLNSPD04","","missing_alias_or_generated_symbol","",""
"POSGEN01","","missing_alias_or_generated_symbol","",""
"POSGEN03","","missing_alias_or_generated_symbol","",""
"POSGEN04","","missing_alias_or_generated_symbol","",""
"POSITN02","","missing_alias_or_generated_symbol","",""
"PRCARE12","","missing_alias_or_generated_symbol","",""
"PRCARE51","","missing_alias_or_generated_symbol","",""
"PRDINS02","","missing_alias_or_generated_symbol","",""
"PRICKE03","","missing_alias_or_generated_symbol","",""
"PRICKE04","","missing_alias_or_generated_symbol","",""
"PRTSUR01","","missing_alias_or_generated_symbol","",""
"PSSARE01","","missing_alias_or_generated_symbol","",""
"QUAPOS01","","missing_alias_or_generated_symbol","",""
"QUARRY01","","missing_alias_or_generated_symbol","",""
"QUESMRK1","","missing_alias_or_generated_symbol","",""
"RACNSP01","","missing_alias_or_generated_symbol","",""
"RADRFL03","","missing_alias_or_generated_symbol","",""
"RASCAN01","","missing_alias_or_generated_symbol","",""
"RASCAN11","","missing_alias_or_generated_symbol","",""
"RCKLDG01","","missing_alias_or_generated_symbol","",""
"RCLDEF01","","missing_alias_or_generated_symbol","",""
"RCTLPT52","","missing_alias_or_generated_symbol","",""
"RDOCAL02","","missing_alias_or_generated_symbol","",""
"RDOCAL03","","missing_alias_or_generated_symbol","",""
"RDOSTA02","","missing_alias_or_generated_symbol","",""
"RECDEF51","","missing_alias_or_generated_symbol","",""
"RECTRC55","","missing_alias_or_generated_symbol","",""
"RECTRC56","","missing_alias_or_generated_symbol","",""
"RECTRC57","","missing_alias_or_generated_symbol","",""
"RECTRC58","","missing_alias_or_generated_symbol","",""
"REFDMP01","","missing_alias_or_generated_symbol","",""
"REFPNT02","","missing_alias_or_generated_symbol","",""
"RETRFL01","","missing_alias_or_generated_symbol","",""
"RETRFL02","","missing_alias_or_generated_symbol","",""
"RFNERY01","","missing_alias_or_generated_symbol","",""
"RFNERY11","","missing_alias_or_generated_symbol","",""
"ROLROL01","","missing_alias_or_generated_symbol","",""
"RSCSTA02","","missing_alias_or_generated_symbol","",""
"RTLDEF51","","missing_alias_or_generated_symbol","",""
"RTPBCN02","","missing_alias_or_generated_symbol","",""
"SCALEB10","","missing_alias_or_generated_symbol","",""
"SCALEB11","","missing_alias_or_generated_symbol","",""
"SILBUI01","","missing_alias_or_generated_symbol","",""
"SILBUI11","","missing_alias_or_generated_symbol","",""
"SISTAT02","","missing_alias_or_generated_symbol","",""
"SMCFAC02","","missing_alias_or_generated_symbol","",""
"SNDWAV01","","missing_alias_or_generated_symbol","",""
"SNDWAV02","","missing_alias_or_generated_symbol","",""
"SOLD","","missing_alias_or_generated_symbol","",""
"SPRING02","","missing_alias_or_generated_symbol","",""
"SSENTR01","","missing_alias_or_generated_symbol","",""
"SSLOCK01","","missing_alias_or_generated_symbol","",""
"SSWARS01","","missing_alias_or_generated_symbol","",""
"STARPT01","","missing_alias_or_generated_symbol","",""
"SWPARE51","","missing_alias_or_generated_symbol","",""
"TERMNL01","","missing_alias_or_generated_symbol","",""
"TERMNL02","","missing_alias_or_generated_symbol","",""
"TERMNL03","","missing_alias_or_generated_symbol","",""
"TERMNL04","","missing_alias_or_generated_symbol","",""
"TERMNL05","","missing_alias_or_generated_symbol","",""
"TERMNL06","","missing_alias_or_generated_symbol","",""
"TERMNL07","","missing_alias_or_generated_symbol","",""
"TERMNL08","","missing_alias_or_generated_symbol","",""
"TERMNL09","","missing_alias_or_generated_symbol","",""
"TERMNL10","","missing_alias_or_generated_symbol","",""
"TERMNL11","","missing_alias_or_generated_symbol","",""
"TERMNL12","","missing_alias_or_generated_symbol","",""
"TERMNL13","","missing_alias_or_generated_symbol","",""
"TIDCUR01","","missing_alias_or_generated_symbol","",""
"TIDCUR02","","missing_alias_or_generated_symbol","",""
"TIDCUR03","","missing_alias_or_generated_symbol","",""
"TIDEHT01","","missing_alias_or_generated_symbol","",""
"TIDSTR01","","missing_alias_or_generated_symbol","",""
"TMBYRD01","","missing_alias_or_generated_symbol","",""
"TNKCON02","","missing_alias_or_generated_symbol","",""
"TNKCON12","","missing_alias_or_generated_symbol","",""
"TNKFRM01","","missing_alias_or_generated_symbol","",""
"TNKFRM11","","missing_alias_or_generated_symbol","",""
"TOPMA100","","missing_alias_or_generated_symbol","",""
"TOPMA102","","missing_alias_or_generated_symbol","",""
"TOPMA106","","missing_alias_or_generated_symbol","",""
"TOPMA107","","missing_alias_or_generated_symbol","",""
"TOPMA109","","missing_alias_or_generated_symbol","",""
"TOPMA111","","missing_alias_or_generated_symbol","",""
"TOPMA113","","missing_alias_or_generated_symbol","",""
"TOPMA114","","missing_alias_or_generated_symbol","",""
"TOPMA115","","missing_alias_or_generated_symbol","",""
"TOPMA116","","missing_alias_or_generated_symbol","",""
"TOPMA117","","missing_alias_or_generated_symbol","",""
"TOPMAR01","","missing_alias_or_generated_symbol","",""
"TOPMAR87","","missing_alias_or_generated_symbol","",""
"TOPMAR88","","missing_alias_or_generated_symbol","",""
"TOPMAR90","","missing_alias_or_generated_symbol","",""
"TOPMAR91","","missing_alias_or_generated_symbol","",""
"TOPMAR92","","missing_alias_or_generated_symbol","",""
"TOPMAR93","","missing_alias_or_generated_symbol","",""
"TOPMAR98","","missing_alias_or_generated_symbol","",""
"TOPMAR99","","missing_alias_or_generated_symbol","",""
"TOPSHP00","","missing_alias_or_generated_symbol","",""
"TOPSHP01","","missing_alias_or_generated_symbol","",""
"TOPSHP02","","missing_alias_or_generated_symbol","",""
"TOPSHP03","","missing_alias_or_generated_symbol","",""
"TOPSHP04","","missing_alias_or_generated_symbol","",""
"TOPSHP05","","missing_alias_or_generated_symbol","",""
"TOPSHP07","","missing_alias_or_generated_symbol","",""
"TOPSHP08","","missing_alias_or_generated_symbol","",""
"TOPSHP09;TE('%s'","","missing_alias_or_generated_symbol","",""
"TOPSHP10","","missing_alias_or_generated_symbol","",""
"TOPSHP11","","missing_alias_or_generated_symbol","",""
"TOPSHP12","","missing_alias_or_generated_symbol","",""
"TOPSHP13","","missing_alias_or_generated_symbol","",""
"TOPSHP15;TE('%s'","","missing_alias_or_generated_symbol","",""
"TOPSHP16","","missing_alias_or_generated_symbol","",""
"TOPSHP17","","missing_alias_or_generated_symbol","",""
"TOPSHP18","","missing_alias_or_generated_symbol","",""
"TOPSHP19","","missing_alias_or_generated_symbol","",""
"TOPSHP20","","missing_alias_or_generated_symbol","",""
"TOPSHP21","","missing_alias_or_generated_symbol","",""
"TOPSHP22","","missing_alias_or_generated_symbol","",""
"TOPSHP23","","missing_alias_or_generated_symbol","",""
"TOPSHP24","","missing_alias_or_generated_symbol","",""
"TOPSHP25","","missing_alias_or_generated_symbol","",""
"TOPSHP28","","missing_alias_or_generated_symbol","",""
"TOPSHP29","","missing_alias_or_generated_symbol","",""
"TOPSHP30","","missing_alias_or_generated_symbol","",""
"TOPSHP31","","missing_alias_or_generated_symbol","",""
"TOPSHP32","","missing_alias_or_generated_symbol","",""
"TOPSHP33","","missing_alias_or_generated_symbol","",""
"TOPSHP34","","missing_alias_or_generated_symbol","",""
"TOPSHP35","","missing_alias_or_generated_symbol","",""
"TOPSHP36","","missing_alias_or_generated_symbol","",""
"TOPSHP37","","missing_alias_or_generated_symbol","",""
"TOPSHP38","","missing_alias_or_generated_symbol","",""
"TOPSHP40","","missing_alias_or_generated_symbol","",""
"TOPSHP41","","missing_alias_or_generated_symbol","",""
"TOPSHP42","","missing_alias_or_generated_symbol","",""
"TOPSHP43","","missing_alias_or_generated_symbol","",""
"TOPSHP44","","missing_alias_or_generated_symbol","",""
"TOPSHP47","","missing_alias_or_generated_symbol","",""
"TOPSHP48","","missing_alias_or_generated_symbol","",""
"TOPSHP51","","missing_alias_or_generated_symbol","",""
"TOPSHP52","","missing_alias_or_generated_symbol","",""
"TOPSHP53","","missing_alias_or_generated_symbol","",""
"TOPSHP54","","missing_alias_or_generated_symbol","",""
"TOPSHP55","","missing_alias_or_generated_symbol","",""
"TOPSHP58","","missing_alias_or_generated_symbol","",""
"TOPSHP61","","missing_alias_or_generated_symbol","",""
"TOPSHP62","","missing_alias_or_generated_symbol","",""
"TOPSHP63","","missing_alias_or_generated_symbol","",""
"TOPSHP64","","missing_alias_or_generated_symbol","",""
"TOPSHP65","","missing_alias_or_generated_symbol","",""
"TOPSHP67","","missing_alias_or_generated_symbol","",""
"TOPSHP69","","missing_alias_or_generated_symbol","",""
"TOPSHP70","","missing_alias_or_generated_symbol","",""
"TOPSHP71","","missing_alias_or_generated_symbol","",""
"TOPSHP72","","missing_alias_or_generated_symbol","",""
"TOPSHP73;TE('%s'","","missing_alias_or_generated_symbol","",""
"TOPSHP74","","missing_alias_or_generated_symbol","",""
"TOPSHP76","","missing_alias_or_generated_symbol","",""
"TOPSHP77","","missing_alias_or_generated_symbol","",""
"TOPSHP78","","missing_alias_or_generated_symbol","",""
"TOPSHP79","","missing_alias_or_generated_symbol","",""
"TOPSHP80","","missing_alias_or_generated_symbol","",""
"TOPSHP81;TE('%s'","","missing_alias_or_generated_symbol","",""
"TOPSHP82","","missing_alias_or_generated_symbol","",""
"TOPSHP83","","missing_alias_or_generated_symbol","",""
"TOPSHP84","","missing_alias_or_generated_symbol","",""
"TOPSHP85","","missing_alias_or_generated_symbol","",""
"TOPSHP87","","missing_alias_or_generated_symbol","",""
"TOPSHP88","","missing_alias_or_generated_symbol","",""
"TOPSHP89;TE('%s'","","missing_alias_or_generated_symbol","",""
"TOPSHP90","","missing_alias_or_generated_symbol","",""
"TOPSHP91","","missing_alias_or_generated_symbol","",""
"TOPSHP92","","missing_alias_or_generated_symbol","",""
"TOPSHP93","","missing_alias_or_generated_symbol","",""
"TOPSHP94","","missing_alias_or_generated_symbol","",""
"TOPSHP95","","missing_alias_or_generated_symbol","",""
"TOPSHP96","","missing_alias_or_generated_symbol","",""
"TOPSHP97","","missing_alias_or_generated_symbol","",""
"TOPSHP98","","missing_alias_or_generated_symbol","",""
"TOPSHP99","","missing_alias_or_generated_symbol","",""
"TOPSHPA0","","missing_alias_or_generated_symbol","",""
"TOPSHPA1","","missing_alias_or_generated_symbol","",""
"TOPSHPA2","","missing_alias_or_generated_symbol","",""
"TOPSHPA3","","missing_alias_or_generated_symbol","",""
"TOPSHPA4","","missing_alias_or_generated_symbol","",""
"TOPSHPA5","","missing_alias_or_generated_symbol","",""
"TOPSHPA6","","missing_alias_or_generated_symbol","",""
"TOPSHPA7","","missing_alias_or_generated_symbol","",""
"TOPSHPA8","","missing_alias_or_generated_symbol","",""
"TOPSHPA9","","missing_alias_or_generated_symbol","",""
"TOPSHPB0","","missing_alias_or_generated_symbol","",""
"TOPSHPD1","","missing_alias_or_generated_symbol","",""
"TOPSHPD2","","missing_alias_or_generated_symbol","",""
"TOPSHPD3","","missing_alias_or_generated_symbol","",""
"TOPSHPD5","","missing_alias_or_generated_symbol","",""
"TOPSHPI1","","missing_alias_or_generated_symbol","",""
"TOPSHPI2","","missing_alias_or_generated_symbol","",""
"TOPSHPI3","","missing_alias_or_generated_symbol","",""
"TOPSHPJ1","","missing_alias_or_generated_symbol","",""
"TOPSHPJ3","","missing_alias_or_generated_symbol","",""
"TOPSHPP2","","missing_alias_or_generated_symbol","",""
"TOPSHPR1","","missing_alias_or_generated_symbol","",""
"TOPSHPS1","","missing_alias_or_generated_symbol","",""
"TOPSHPT1","","missing_alias_or_generated_symbol","",""
"TOPSHPT2","","missing_alias_or_generated_symbol","",""
"TOPSHPT3","","missing_alias_or_generated_symbol","",""
"TOPSHPT4","","missing_alias_or_generated_symbol","",""
"TOPSHPT5","","missing_alias_or_generated_symbol","",""
"TOPSHPT6","","missing_alias_or_generated_symbol","",""
"TOPSHPT7","","missing_alias_or_generated_symbol","",""
"TOPSHPT8;TE('%s'","","missing_alias_or_generated_symbol","",""
"TOPSHPU1","","missing_alias_or_generated_symbol","",""
"TOPSHPU2","","missing_alias_or_generated_symbol","",""
"TOPSHQ06","","missing_alias_or_generated_symbol","",""
"TOPSHQ07","","missing_alias_or_generated_symbol","",""
"TOPSHQ08","","missing_alias_or_generated_symbol","",""
"TOPSHQ15","","missing_alias_or_generated_symbol","",""
"TOPSHQ16","","missing_alias_or_generated_symbol","",""
"TOPSHQ17","","missing_alias_or_generated_symbol","",""
"TOPSHQ18","","missing_alias_or_generated_symbol","",""
"TOPSHQ19","","missing_alias_or_generated_symbol","",""
"TOPSHQ20","","missing_alias_or_generated_symbol","",""
"TOPSHQ21","","missing_alias_or_generated_symbol","",""
"TOPSHQ22","","missing_alias_or_generated_symbol","",""
"TOPSHQ23","","missing_alias_or_generated_symbol","",""
"TOPSHQ24","","missing_alias_or_generated_symbol","",""
"TOPSHQ25","","missing_alias_or_generated_symbol","",""
"TOPSHQ26","","missing_alias_or_generated_symbol","",""
"TOPSHQ27","","missing_alias_or_generated_symbol","",""
"TOPSHQ28","","missing_alias_or_generated_symbol","",""
"TOPSHQ29","","missing_alias_or_generated_symbol","",""
"TOPSHQ30","","missing_alias_or_generated_symbol","",""
"TOPSHQ31","","missing_alias_or_generated_symbol","",""
"TOPSHQ32","","missing_alias_or_generated_symbol","",""
"TOWERS01","","missing_alias_or_generated_symbol","",""
"TOWERS02","","missing_alias_or_generated_symbol","",""
"TOWERS03","","missing_alias_or_generated_symbol","",""
"TOWERS05","","missing_alias_or_generated_symbol","",""
"TOWERS12","","missing_alias_or_generated_symbol","",""
"TOWERS15","","missing_alias_or_generated_symbol","",""
"TOWERS48","","missing_alias_or_generated_symbol","",""
"TOWERS49","","missing_alias_or_generated_symbol","",""
"TOWERS50","","missing_alias_or_generated_symbol","",""
"TOWERS51","","missing_alias_or_generated_symbol","",""
"TOWERS52","","missing_alias_or_generated_symbol","",""
"TOWERS53","","missing_alias_or_generated_symbol","",""
"TOWERS54","","missing_alias_or_generated_symbol","",""
"TOWERS55","","missing_alias_or_generated_symbol","",""
"TOWERS56","","missing_alias_or_generated_symbol","",""
"TOWERS57","","missing_alias_or_generated_symbol","",""
"TOWERS58","","missing_alias_or_generated_symbol","",""
"TOWERS59","","missing_alias_or_generated_symbol","",""
"TOWERS60","","missing_alias_or_generated_symbol","",""
"TOWERS61","","missing_alias_or_generated_symbol","",""
"TOWERS62","","missing_alias_or_generated_symbol","",""
"TOWERS63","","missing_alias_or_generated_symbol","",""
"TOWERS64","","missing_alias_or_generated_symbol","",""
"TOWERS65","","missing_alias_or_generated_symbol","",""
"TOWERS66","","missing_alias_or_generated_symbol","",""
"TOWERS67","","missing_alias_or_generated_symbol","",""
"TOWERS68","","missing_alias_or_generated_symbol","",""
"TOWERS69","","missing_alias_or_generated_symbol","",""
"TOWERS70","","missing_alias_or_generated_symbol","",""
"TOWERS71","","missing_alias_or_generated_symbol","",""
"TOWERS72","","missing_alias_or_generated_symbol","",""
"TOWERS73","","missing_alias_or_generated_symbol","",""
"TOWERS74|;TX(OBJNAM","","missing_alias_or_generated_symbol","",""
"TOWERS75","","missing_alias_or_generated_symbol","",""
"TOWERS76","","missing_alias_or_generated_symbol","",""
"TOWERS77","","missing_alias_or_generated_symbol","",""
"TOWERS78","","missing_alias_or_generated_symbol","",""
"TOWERS79","","missing_alias_or_generated_symbol","",""
"TOWERS80","","missing_alias_or_generated_symbol","",""
"TOWERS81","","missing_alias_or_generated_symbol","",""
"TOWERS82","","missing_alias_or_generated_symbol","",""
"TOWERS83","","missing_alias_or_generated_symbol","",""
"TOWERS84","","missing_alias_or_generated_symbol","",""
"TOWERS85","","missing_alias_or_generated_symbol","",""
"TOWERS86","","missing_alias_or_generated_symbol","",""
"TOWERS87","","missing_alias_or_generated_symbol","",""
"TOWERS88","","missing_alias_or_generated_symbol","",""
"TOWERS89","","missing_alias_or_generated_symbol","",""
"TOWERS90","","missing_alias_or_generated_symbol","",""
"TOWERS91","","missing_alias_or_generated_symbol","",""
"TOWERS92","","missing_alias_or_generated_symbol","",""
"TOWERS93","","missing_alias_or_generated_symbol","",""
"TOWERS94","","missing_alias_or_generated_symbol","",""
"TOWERS95","","missing_alias_or_generated_symbol","",""
"TOWERS96","","missing_alias_or_generated_symbol","",""
"TOWERS97","","missing_alias_or_generated_symbol","",""
"TOWERS98","","missing_alias_or_generated_symbol","",""
"TOWERS99","","missing_alias_or_generated_symbol","",""
"TREPNT04","","missing_alias_or_generated_symbol","",""
"TREPNT05","","missing_alias_or_generated_symbol","",""
"TRNBSN01","","missing_alias_or_generated_symbol","",""
"TSSCRS51","","missing_alias_or_generated_symbol","",""
"TSSJCT02","","missing_alias_or_generated_symbol","",""
"TSSLPT51","","missing_alias_or_generated_symbol","",""
"TSSRON51","","missing_alias_or_generated_symbol","",""
"TWRDEF51","","missing_alias_or_generated_symbol","",""
"TWRTPT52","","missing_alias_or_generated_symbol","",""
"TWRTPT53","","missing_alias_or_generated_symbol","",""
"UNITFTH1","","missing_alias_or_generated_symbol","",""
"UNITMTR1","","missing_alias_or_generated_symbol","",""
"UWTROC03","","missing_alias_or_generated_symbol","",""
"UWTROC04","","missing_alias_or_generated_symbol","",""
"VECGND01","","missing_alias_or_generated_symbol","",""
"VECGND21","","missing_alias_or_generated_symbol","",""
"VECWTR01","","missing_alias_or_generated_symbol","",""
"VECWTR21","","missing_alias_or_generated_symbol","",""
"VEGATN03","","missing_alias_or_generated_symbol","",""
"VEGATN04","","missing_alias_or_generated_symbol","",""
"VEHTRF01","","missing_alias_or_generated_symbol","",""
"VTCLMK01","","missing_alias_or_generated_symbol","",""
"WATTUR02","","missing_alias_or_generated_symbol","",""
"WAYPNT01","","missing_alias_or_generated_symbol","",""
"WAYPNT03","","missing_alias_or_generated_symbol","",""
"WAYPNT11","","missing_alias_or_generated_symbol","",""
"WEDKLP03","","missing_alias_or_generated_symbol","",""
"WIMCON01","","missing_alias_or_generated_symbol","",""
"WIMCON11","","missing_alias_or_generated_symbol","",""
"WNDFRM51","","missing_alias_or_generated_symbol","",""
"WNDFRM61","","missing_alias_or_generated_symbol","",""
"WNDMIL02","","missing_alias_or_generated_symbol","",""
"WNDMIL12","","missing_alias_or_generated_symbol","",""
"WRECKS04","","missing_alias_or_generated_symbol","",""
"WTLVGG01","","missing_alias_or_generated_symbol","",""
"WTLVGG02","","missing_alias_or_generated_symbol","",""
"ZZZZZZ01","","missing_alias_or_generated_symbol","",""
"boyspp50","","missing_alias_or_generated_symbol","",""
"rdocal02","","missing_alias_or_generated_symbol","",""
"rdocal03","","missing_alias_or_generated_symbol","",""
