object_acronym,primitive,output_svg,opencpn_instruction_asset,esri_source,match_kind,source_instruction
"######","Point","objects/______.svg","QUESMRK1","","UNRESOLVED","SY(QUESMRK1)"
"ACHARE","Point","objects/ACHARE.svg","ACHARE02","N10_Reported_anchorage.svg","CUSTOM_SYMBOL_MAP","SY(ACHARE02)"
"ACHBRT","Point","objects/ACHBRT.svg","ACHBRT07","","UNRESOLVED","SY(ACHBRT07);TE('%s','OBJNAM',3,1,2,'15110',1,0,CHBLK,29)"
"ADMARE","Area","objects/ADMARE.svg","DASH","","UNRESOLVED","LS(DASH,2,CHGRF)"
"AIRARE","Point","objects/AIRARE.svg","AIRARE02","","UNRESOLVED","SY(AIRARE02)"
"ARCSLN","Area","objects/ARCSLN.svg","ARCSLN01","","UNRESOLVED","LC(ARCSLN01)"
"BERTHS","Point","objects/BERTHS.svg","BRTHNO01","","UNRESOLVED","SY(BRTHNO01);TE('%s','OBJNAM',3,1,2,'15110',1,0,CHBLK,29)"
"BRIDGE","Point","objects/BRIDGE.svg","BRIDGE01","","UNRESOLVED","SY(BRIDGE01)"
"BUAARE","Point","objects/BUAARE.svg","BUAARE02","","UNRESOLVED","SY(BUAARE02);TX(OBJNAM,3,2,2,'15114',1,0,CHBLK,26)"
"BUISGL","Point","objects/BUISGL.svg","POSGEN03","","UNRESOLVED","SY(POSGEN03);TX(OBJNAM,3,2,2,'15110',1,0,CHBLK,26)"
"CANALS","Line","objects/CANALS.svg","SOLD","","UNRESOLVED","LS(SOLD,1,CHBLK)"
"CAUSWY","Line","objects/CAUSWY.svg","DASH","","UNRESOLVED","LS(DASH,3,LANDF)"
"CBLARE","Area","objects/CBLARE.svg","CBLARE51","","UNRESOLVED","SY(CBLARE51);LS(DASH,2,CHMGD);CS(RESTRN01)"
"CHKPNT","Point","objects/CHKPNT.svg","CUSTOM01","","UNRESOLVED","SY(CUSTOM01)"
"CONVYR","Line","objects/CONVYR.svg","RACNSP01","","UNRESOLVED","LS(DASH,4,CHGRD);SY(RACNSP01);TE('clr %4.1lf','VERCLR',3,1,2,'15110',1,0,CHBLK,11)"
"CONZNE","Area","objects/CONZNE.svg","DASH","","UNRESOLVED","LS(DASH,2,CHGRF)"
"COSARE","Area","objects/COSARE.svg","DASH","","UNRESOLVED","LS(DASH,2,CHGRF)"
"CRANES","Point","objects/CRANES.svg","CRANES01","F53_Crane.svg","CUSTOM_SYMBOL_MAP","SY(CRANES01)"
"CTNARE","Point","objects/CTNARE.svg","CHINFO06","","UNRESOLVED","SY(CHINFO06)"
"CTSARE","Point","objects/CTSARE.svg","CHINFO07","","UNRESOLVED","SY(CHINFO07)"
"CUSZNE","Area","objects/CUSZNE.svg","DASH","","UNRESOLVED","LS(DASH,1,CHGRF)"
"DAMCON","Point","objects/DAMCON.svg","CHINFO06","","UNRESOLVED","SY(CHINFO06)"
"DEPARE","Area","objects/DEPARE.svg","SOLD","","UNRESOLVED","AC(NODTA);AP(PRTSUR01);LS(SOLD,2,CHGRD)"
"DMPGRD","Point","objects/DMPGRD.svg","CHINFO07","","UNRESOLVED","SY(CHINFO07)"
"DOCARE","Area","objects/DOCARE.svg","DASH","","UNRESOLVED","AC(DEPVS);TX(OBJNAM,1,2,3,'15110',0,0,CHBLK,26);LS(DASH,1,CHBLK)"
"DRGARE","Area","objects/DRGARE.svg","DRGARE","","UNRESOLVED","CS(DEPARE01)"
"DRYDOC","Area","objects/DRYDOC.svg","SOLD","","UNRESOLVED","AC(LANDA);LS(SOLD,1,CSTLN)"
"DWRTPT","Area","objects/DWRTPT.svg","TSSLPT51,ORIENT","","UNRESOLVED","SY(TSSLPT51,ORIENT);SY(DWRTPT51);LS(DASH,2,TRFCD);CS(RESTRN01)"
"DYKCON","Line","objects/DYKCON.svg","SOLD","","UNRESOLVED","LS(SOLD,2,CHBLK)"
"EXEZNE","Area","objects/EXEZNE.svg","DASH","","UNRESOLVED","LS(DASH,2,CHGRF)"
"FAIRWY","Area","objects/FAIRWY.svg","FAIRWY51,ORIENT","","UNRESOLVED","SY(FAIRWY51,ORIENT);LS(DASH,1,CHGRD);CS(RESTRN01)"
"FERYRT","Line","objects/FERYRT.svg","FERYRT01","","UNRESOLVED","LC(FERYRT01)"
"FLODOC","Line","objects/FLODOC.svg","SOLD","","UNRESOLVED","LS(SOLD,3,CSTLN)"
"FORSTC","Point","objects/FORSTC.svg","FORSTC11","","UNRESOLVED","SY(FORSTC11)"
"FRPARE","Area","objects/FRPARE.svg","DASH","","UNRESOLVED","LS(DASH,2,CHGRF)"
"FSHFAC","Point","objects/FSHFAC.svg","FSHFAC03","","UNRESOLVED","SY(FSHFAC03)"
"FSHGRD","Area","objects/FSHGRD.svg","FSHGRD01","","UNRESOLVED","SY(FSHGRD01);LS(DASH,2,CHGRF)"
"FSHZNE","Area","objects/FSHZNE.svg","DASH","","UNRESOLVED","LS(DASH,2,CHGRF)"
"GATCON","Point","objects/GATCON.svg","GATCON04","","UNRESOLVED","SY(GATCON04)"
"GRIDRN","Area","objects/GRIDRN.svg","DASH","","UNRESOLVED","LS(DASH,1,CHGRD)"
"HRBARE","Area","objects/HRBARE.svg","SMCFAC02","","UNRESOLVED","SY(SMCFAC02);TX(OBJNAM,1,2,3,'15106',0,0,CHBLK,28);LS(DASH,1,CHGRD)"
"HRBFAC","Point","objects/HRBFAC.svg","ROLROL01","","UNRESOLVED","SY(ROLROL01)"
"HULKES","Point","objects/HULKES.svg","HULKES01","","UNRESOLVED","SY(HULKES01)"
"ICEARE","Area","objects/ICEARE.svg","DASH","","UNRESOLVED","AC(NODTA);AP(ICEARE04);LS(DASH,1,CHGRD)"
"ICNARE","Point","objects/ICNARE.svg","CHINFO07","","UNRESOLVED","SY(CHINFO07)"
"ISTZNE","Area","objects/ISTZNE.svg","ITZARE51","","UNRESOLVED","SY(ITZARE51);LS(DASH,1,TRFCD);CS(RESTRN01)"
"LAKARE","Area","objects/LAKARE.svg","SOLD","","UNRESOLVED","AC(DEPVS);LS(SOLD,1,CHBLK)"
"LNDARE","Point","objects/LNDARE.svg","LNDARE01","K10_LandPoint.svg","SEMANTIC_TOKEN","SY(LNDARE01);CS(QUAPOS01;TX(OBJNAM,1,2,3,'15118',-1,-1,CHBLK,26))"
"LNDMRK","Point","objects/LNDMRK.svg","BUIREL13","","UNRESOLVED","SY(BUIREL13)"
"LNDRGN","Point","objects/LNDRGN.svg","POSGEN04","","UNRESOLVED","SY(POSGEN04);TX(OBJNAM,1,2,2,'15120',0,-1,CHBLK,26)"
"LOCMAG","Point","objects/LOCMAG.svg","LOCMAG01","","UNRESOLVED","SY(LOCMAG01)"
"LOGPON","Area","objects/LOGPON.svg","DASH","","UNRESOLVED","LS(DASH,1,CHBLK)"
"LOKBSN","Area","objects/LOKBSN.svg","SOLD","","UNRESOLVED","AC(DEPVS);LS(SOLD,1,CHBLK)"
"MAGVAR","Point","objects/MAGVAR.svg","MAGVAR01","","UNRESOLVED","SY(MAGVAR01);TX(VALMAG,3,1,2,'15110',1,-1,CHBLK,27)"
"MARCUL","Point","objects/MARCUL.svg","MARCUL02","K48_Marine_farm.svg","CUSTOM_SYMBOL_MAP","SY(MARCUL02)"
"MIPARE","Point","objects/MIPARE.svg","CHINFO06","","UNRESOLVED","SY(CHINFO06)"
"MORFAC","Point","objects/MORFAC.svg","MORFAC03","Q40a_Mooring_buoy.svg","CUSTOM_SYMBOL_MAP","SY(MORFAC03)"
"M_ACCY","Area","objects/M_ACCY.svg","M_ACCY","","UNRESOLVED",""
"M_COVR","Area","objects/M_COVR.svg","M_COVR","","UNRESOLVED","CS(DATCVR01)"
"M_CSCL","Area","objects/M_CSCL.svg","M_CSCL","","UNRESOLVED","CS(DATCVR01)"
"M_HOPA","Area","objects/M_HOPA.svg","M_HOPA","","UNRESOLVED",""
"M_NPUB","Point","objects/M_NPUB.svg","CHINFO07","","UNRESOLVED","SY(CHINFO07)"
"M_NSYS","Area","objects/M_NSYS.svg","DIRBOYA1,ORIENT","Q22a_Spherical_buoy.svg","SEMANTIC_TOKEN","SY(DIRBOYA1,ORIENT);LS(DASH,1,CHYLW)"
"M_QUAL","Area","objects/M_QUAL.svg","DASH","","UNRESOLVED","AP(DQUALA11);LS(DASH,2,CHGRD)"
"M_SDAT","Area","objects/M_SDAT.svg","M_SDAT","","UNRESOLVED",""
"M_SREL","Area","objects/M_SREL.svg","M_SREL","","UNRESOLVED",""
"M_VDAT","Area","objects/M_VDAT.svg","M_VDAT","","UNRESOLVED",""
"NEWOBJ","Point","objects/NEWOBJ.svg","NEWOBJ 01","","UNRESOLVED","SY(NEWOBJ 01)"
"OBSTRN","Point","objects/OBSTRN.svg","FLTHAZ02","","UNRESOLVED","SY(FLTHAZ02)"
"OFSPLF","Point","objects/OFSPLF.svg","OFSPLF01","L10_Offshore_platform.svg","CUSTOM_SYMBOL_MAP","SY(OFSPLF01);TE('Prod %s','OBJNAM',3,1,2,'15110',1,-1,CHBLK,21)"
"OSPARE","Area","objects/OSPARE.svg","CTYARE51","","UNRESOLVED","SY(CTYARE51);LS(DASH,2,CHMGD);CS(RESTRN01)"
"PILBOP","Point","objects/PILBOP.svg","PILBOP02","T1_pilot_boarding_place.svg","CUSTOM_SYMBOL_MAP","SY(PILBOP02);TE('Plt %s','OBJNAM',3,1,2,'15110',1,-1,CHBLK,21)"
"PIPARE","Point","objects/PIPARE.svg","CHINFO07","","UNRESOLVED","SY(CHINFO07)"
"PONTON","Line","objects/PONTON.svg","SOLD","","UNRESOLVED","LS(SOLD,2,CSTLN)"
"PRCARE","Point","objects/PRCARE.svg","PRCARE12","","UNRESOLVED","SY(PRCARE12)"
"PRDARE","Point","objects/PRDARE.svg","FLASTK11","","UNRESOLVED","SY(FLASTK11)"
"PYLONS","Point","objects/PYLONS.svg","POSGEN03","","UNRESOLVED","SY(POSGEN03)"
"RADRNG","Area","objects/RADRNG.svg","DASH","","UNRESOLVED","LS(DASH,1,TRFCF)"
"RAPIDS","Line","objects/RAPIDS.svg","SOLD","","UNRESOLVED","LS(SOLD,3,CHGRD)"
"RCTLPT","Point","objects/RCTLPT.svg","RCTLPT52,ORIENT","","UNRESOLVED","SY(RCTLPT52,ORIENT)"
"RECTRC","Line","objects/RECTRC.svg","RECTRC12","","UNRESOLVED","LC(RECTRC12);TE('%03.0lf deg','ORIENT',3,1,2,'15110',1,-1,CHBLK,11)"
"RESARE","Area","objects/RESARE.svg","ESSARE01","","UNRESOLVED","SY(ESSARE01);LC(ESSARE01)"
"RIVERS","Line","objects/RIVERS.svg","SOLD","","UNRESOLVED","LS(SOLD,1,CHBLK)"
"ROADWY","Line","objects/ROADWY.svg","SOLD","","UNRESOLVED","LS(SOLD,2,LANDF)"
"RUNWAY","Line","objects/RUNWAY.svg","SOLD","","UNRESOLVED","LS(SOLD,3,LANDF)"
"SBDARE","Line","objects/SBDARE.svg","SOLD","","UNRESOLVED","LS(SOLD,1,CHGRD);TX(NATSUR,1,2,2,'15110',0,0,CHBLK,25)"
"SEAARE","Area","objects/SEAARE.svg","SEAARE","","UNRESOLVED","TX(OBJNAM,1,2,3,'15110',0,0,CHBLK,26)"
"SILTNK","Point","objects/SILTNK.svg","SILBUI11","","UNRESOLVED","SY(SILBUI11)"
"SLCONS","Point","objects/SLCONS.svg","MORFAC03","Q40a_Mooring_buoy.svg","CUSTOM_SYMBOL_MAP","SY(MORFAC03);CS(SLCONS03)"
"SLOGRD","Point","objects/SLOGRD.svg","HILTOP01","","UNRESOLVED","SY(HILTOP01)"
"SMCFAC","Area","objects/SMCFAC.svg","SMCFAC02","","UNRESOLVED","AC(CHBRN);SY(SMCFAC02);LS(SOLD,1,LANDF)"
"SNDWAV","Point","objects/SNDWAV.svg","SNDWAV02","","UNRESOLVED","SY(SNDWAV02)"
"SPLARE","Point","objects/SPLARE.svg","CHINFO06","","UNRESOLVED","SY(CHINFO06)"
"SUBTLN","Area","objects/SUBTLN.svg","CTYARE51","","UNRESOLVED","SY(CTYARE51);LS(DASH,1,CHMGD);CS(RESTRN01)"
"SWPARE","Area","objects/SWPARE.svg","SWPARE51","","UNRESOLVED","SY(SWPARE51);TE('swept to %5.1lf','DRVAL1',1,2,2,'15110',0,1,CHBLK,27);LS(DASH,1,CHGRD)"
"TESARE","Area","objects/TESARE.svg","DASH","","UNRESOLVED","LS(DASH,2,CHGRF);CS(RESTRN01)"
"TIDEWY","Line","objects/TIDEWY.svg","SOLD","","UNRESOLVED","LS(SOLD,1,CHGRF)"
"TSEZNE","Area","objects/TSEZNE.svg","TSEZNE","","UNRESOLVED","AC(TRFCF,3)"
"TSSCRS","Area","objects/TSSCRS.svg","TSSCRS51","","UNRESOLVED","AP(TSSJCT02);SY(TSSCRS51);CS(RESTRN01)"
"TSSLPT","Area","objects/TSSLPT.svg","TSSLPT51,ORIENT","","UNRESOLVED","SY(TSSLPT51,ORIENT);CS(RESTRN01)"
"TSSRON","Area","objects/TSSRON.svg","TSSRON51","","UNRESOLVED","SY(TSSRON51);CS(RESTRN01)"
"TS_FEB","Point","objects/TS_FEB.svg","FLDSTR01,ORIENT","","UNRESOLVED","SY(FLDSTR01,ORIENT);TE('%4.1lf kn','CURVEL',3,1,2,'15110',1,-1,CHBLK,31)"
"TS_PAD","Point","objects/TS_PAD.svg","TIDSTR01","","UNRESOLVED","SY(TIDSTR01)"
"TS_PNH","Point","objects/TS_PNH.svg","TIDSTR01","","UNRESOLVED","SY(TIDSTR01)"
"TS_PRH","Point","objects/TS_PRH.svg","TIDSTR01","","UNRESOLVED","SY(TIDSTR01)"
"TS_TIS","Point","objects/TS_TIS.svg","TIDSTR01","","UNRESOLVED","SY(TIDSTR01)"
"TUNNEL","Line","objects/TUNNEL.svg","DASH","","UNRESOLVED","LS(DASH,2,CHBLK)"
"TWRTPT","Area","objects/TWRTPT.svg","TWRTPT53,ORIENT","","UNRESOLVED","SY(TWRTPT53,ORIENT);LS(DASH,2,TRFCD)"
"T_HMON","Point","objects/T_HMON.svg","TIDEHT01","","UNRESOLVED","SY(TIDEHT01)"
"T_NHMN","Point","objects/T_NHMN.svg","TIDEHT01","","UNRESOLVED","SY(TIDEHT01)"
"T_TIMS","Point","objects/T_TIMS.svg","TIDEHT01","","UNRESOLVED","SY(TIDEHT01)"
"UNSARE","Area","objects/UNSARE.svg","SOLD","","UNRESOLVED","AC(NODTA);AP(NODATA03);LS(SOLD,2,CHGRD)"
"VEGATN","Point","objects/VEGATN.svg","TREPNT04","","UNRESOLVED","SY(TREPNT04)"
"WATTUR","Point","objects/WATTUR.svg","WATTUR02","","UNRESOLVED","SY(WATTUR02)"
"WEDKLP","Point","objects/WEDKLP.svg","WEDKLP03","","UNRESOLVED","SY(WEDKLP03)"
"WRECKS","Point","objects/WRECKS.svg","FOULGND1","","UNRESOLVED","SY(FOULGND1)"
"BUNSTA","Point","objects/BUNSTA.svg","BUNSTA01","","UNRESOLVED","SY(BUNSTA01)"
"DNGHLT","Point","objects/DNGHLT.svg","DNGHILIT","S1_Ra_transponder_wLight.svg","SEMANTIC_TOKEN","SY(DNGHILIT)"
"EXCNST","Area","objects/EXCNST.svg","SOLD","","UNRESOLVED","LS(SOLD,2,CSTLN);CS(DEPARE02)"
"HRBBSN","Area","objects/HRBBSN.svg","DASH","","UNRESOLVED","TX(OBJNAM,1,2,3,'15108',0,0,CHGRD,28);LS(DASH,1,CHGRF)"
"LKBSPT","Area","objects/LKBSPT.svg","DASH","","UNRESOLVED","LS(DASH,2,CHGRF)"
"MARFEA","Point","objects/MARFEA.svg","CHINFO09","","UNRESOLVED","SY(CHINFO09);TX(OBJNAM,3,1,3,'15110',1,-1,CHBLK,50)"
"MNUFEA","Point","objects/MNUFEA.svg","CHINFO10","","UNRESOLVED","SY(CHINFO10)"
"TERMNL","Point","objects/TERMNL.svg","TERMNL12","","UNRESOLVED","SY(TERMNL12)"
"TRNBSN","Point","objects/TRNBSN.svg","TRNBSN01","","UNRESOLVED","SY(TRNBSN01)"
"VEHTRF","Point","objects/VEHTRF.svg","VEHTRF01","","UNRESOLVED","SY(VEHTRF01)"
"$AREAS","Area","objects/$AREAS.svg","CHCRDEL1","","UNRESOLVED","SY(CHCRDEL1);LC(CHCRDEL1)"
"$TEXTS","Area","objects/$TEXTS.svg","$TEXTS","","UNRESOLVED","TX($TXSTR,$JUSTH=3,$JUSTV=1,$SPACE=2,'15110',0,0,CHBLK,27)"
"M_PROD","Area","objects/M_PROD.svg","M_PROD","","UNRESOLVED",""
"NATARE","Area","objects/NATARE.svg","NATARE","","UNRESOLVED",""
"ASLXIS","Line","objects/ASLXIS.svg","DASH","","UNRESOLVED","LS(DASH,2,CHMGF)"
"CBLOHD","Line","objects/CBLOHD.svg","RACNSP01","","UNRESOLVED","LS(DASH,4,CHGRD);SY(RACNSP01);TE('clr %4.1lf','VERCLR',3,1,2,'15110',1,0,CHBLK,11)"
"CBLSUB","Line","objects/CBLSUB.svg","DASH","","UNRESOLVED","LS(DASH,1,CHMGD)"
"CHNWIR","Line","objects/CHNWIR.svg","DASH","","UNRESOLVED","LS(DASH,1,CHBLK)"
"COALNE","Line","objects/COALNE.svg","DASH","","UNRESOLVED","LS(DASH,1,CSTLN)"
"DEPCNT","Line","objects/DEPCNT.svg","DEPCNT","","UNRESOLVED","CS(DEPCNT02)"
"DWRTCL","Line","objects/DWRTCL.svg","DWRTCL08","","UNRESOLVED","LC(DWRTCL08);TE('%03.0lf deg','ORIENT',3,1,2,'15110',1,-1,CHBLK,11)"
"FNCLNE","Line","objects/FNCLNE.svg","SOLD","","UNRESOLVED","LS(SOLD,1,CHBLK)"
"LAKSHR","Line","objects/LAKSHR.svg","SOLD","","UNRESOLVED","LS(SOLD,1,CSTLN)"
"LNDELV","Point","objects/LNDELV.svg","POSGEN04","","UNRESOLVED","SY(POSGEN04);TX(ELEVAT,3,2,2,'15110',1,-1,CHBLK,31)"
"NAVLNE","Line","objects/NAVLNE.svg","DASH","","UNRESOLVED","LS(DASH,1,CHGRD);TE('%03.0lf deg','ORIENT',3,1,2,'15110',1,-1,CHBLK,11)"
"OILBAR","Line","objects/OILBAR.svg","DASH","","UNRESOLVED","LS(DASH,1,CHBLK)"
"PIPOHD","Line","objects/PIPOHD.svg","RACNSP01","","UNRESOLVED","LS(SOLD,3,CHGRD);SY(RACNSP01);TE('clr %4.1lf','VERCLR',3,1,2,'15110',1,-1,CHBLK,11)"
"PIPSOL","Line","objects/PIPSOL.svg","PIPSOL06","","UNRESOLVED","LC(PIPSOL06)"
"RADLNE","Line","objects/RADLNE.svg","DASH","","UNRESOLVED","LS(DASH,2,TRFCD);TE('%03.0lf deg','ORIENT',3,1,2,'15110',1,-1,CHBLK,11)"
"RAILWY","Line","objects/RAILWY.svg","SOLD","","UNRESOLVED","LS(SOLD,2,LANDF)"
"RCRTCL","Line","objects/RCRTCL.svg","RCRTCL14","","UNRESOLVED","LC(RCRTCL14);TE('%03.0lf deg','ORIENT',3,1,2,'15110',1,-1,CHBLK,11)"
"RDOCAL","Point","objects/RDOCAL.svg","RDOCAL02,ORIENT","M40_1b_Radio_calling_in.svg","CUSTOM_SYMBOL_MAP","SY(RDOCAL02,ORIENT);TE('%s','OBJNAM',3,1,2,'15110',1,-1,CHBLK,21);TE('ch %s','COMCHA',3,1,2,'15110',1,1,CHBLK,11)"
"SLOTOP","Point","objects/SLOTOP.svg","HILTOP11","","UNRESOLVED","SY(HILTOP11)"
"STSLNE","Line","objects/STSLNE.svg","DASH","","UNRESOLVED","LS(DASH,1,CHGRF)"
"TSELNE","Line","objects/TSELNE.svg","SOLD","","UNRESOLVED","LS(SOLD,6,TRFCF)"
"TSSBND","Line","objects/TSSBND.svg","DASH","","UNRESOLVED","LS(DASH,2,TRFCD)"
"WATFAL","Line","objects/WATFAL.svg","SOLD","","UNRESOLVED","LS(SOLD,3,CHWHT)"
"ZEMCNT","Line","objects/ZEMCNT.svg","SOLD","","UNRESOLVED","LS(SOLD,1,CHBLK)"
"CANBNK","Line","objects/CANBNK.svg","SOLD","","UNRESOLVED","LS(SOLD,1,CSTLN)"
"CLRLIN","Line","objects/CLRLIN.svg","CLRLIN","","UNRESOLVED","CS(CLRLIN01)"
"EBLINE","Line","objects/EBLINE.svg","EBLINE","","UNRESOLVED","CS(VRMEBL01)"
"LEGLIN","Line","objects/LEGLIN.svg","LEGLIN","","UNRESOLVED","CS(LEGLIN02)"
"PASTRK","Line","objects/PASTRK.svg","PASTRK","","UNRESOLVED","CS(PASTRK01)"
"POSLIN","Line","objects/POSLIN.svg","SOLD","","UNRESOLVED","LS(SOLD,1,NINFO);TX(loctim,3,1,2,'15110',0,-1,CHBLK,50);TX('TPL',3,3,2,'15110',0,1,CHBLK,50)"
"RIVBNK","Line","objects/RIVBNK.svg","DOTT","","UNRESOLVED","LS(DOTT,2,CSTLN)"
"RNGRNG","Line","objects/RNGRNG.svg","SOLD","","UNRESOLVED","LS(SOLD,1,CURSR)"
"VRMARK","Line","objects/VRMARK.svg","VRMARK","","UNRESOLVED","CS(VRMEBL01)"
"WHOLIN","Line","objects/WHOLIN.svg","SOLD","","UNRESOLVED","LS(SOLD,2,NINFO);TX(loctim,3,3,2,'15110',0,1,CHBLK,50);TX(usrmrk,3,1,2,'15110',0,-1,CHBLK,50)"
"WTWAXS","Line","objects/WTWAXS.svg","DOTT","","UNRESOLVED","LS(DOTT,1,CHGRD)"
"WTWPRF","Line","objects/WTWPRF.svg","DOTT","","UNRESOLVED","LS(DOTT,1,CHGRD)"
"$LINES","Line","objects/$LINES.svg","CHCRDEL1","","UNRESOLVED","LC(CHCRDEL1)"
"_CMAPL","Line","objects/_CMAPL.svg","DASH","","UNRESOLVED","LS(DASH,1,CHMGD)"
"ACHPNT","Point","objects/ACHPNT.svg","ACHPNT01","","UNRESOLVED","SY(ACHPNT01)"
"BCNCAR","Point","objects/BCNCAR.svg","BCNCAR01","Q80_Beacon.svg","CUSTOM_SYMBOL_MAP","SY(BCNCAR01);TE('%s','OBJNAM',2,1,2,'15110',-1,-1,CHBLK,21)"
"BCNISD","Point","objects/BCNISD.svg","BCNISD21","Q80_Beacon.svg","CUSTOM_SYMBOL_MAP","SY(BCNISD21);TE('%s','OBJNAM',2,1,2,'15110',-1,-1,CHBLK,21)"
"BCNLAT","Point","objects/BCNLAT.svg","BCNLAT21","Q90_Stake_pole.svg","CUSTOM_SYMBOL_MAP","SY(BCNLAT21);TE('%s','OBJNAM',2,1,2,'15110',-1,-1,CHBLK,21)"
"BCNSAW","Point","objects/BCNSAW.svg","BCNSAW21","Q92_Withy_port.svg","CUSTOM_SYMBOL_MAP","SY(BCNSAW21);TE('%s','OBJNAM',2,1,2,'15110',-1,-1,CHBLK,21)"
"BCNSPP","Point","objects/BCNSPP.svg","CAIRNS11","","UNRESOLVED","SY(CAIRNS11);TE('%s','OBJNAM',2,1,2,'15110',-1,-1,CHBLK,21)"
"BOYCAR","Point","objects/BOYCAR.svg","BOYCAR01","Q23a_Pillar_buoy.svg","CUSTOM_SYMBOL_MAP","SY(BOYCAR01);TE('%s','OBJNAM',2,1,2,'15110',-1,-1,CHBLK,21)"
"BOYINB","Point","objects/BOYINB.svg","BOYMOR11","Q22a_Spherical_buoy.svg","SEMANTIC_TOKEN","SY(BOYMOR11);TE('%s','OBJNAM',2,1,2,'15110',-1,-1,CHBLK,21)"
"BOYISD","Point","objects/BOYISD.svg","BOYISD12","Q23a_Pillar_buoy.svg","CUSTOM_SYMBOL_MAP","SY(BOYISD12);TE('%s','OBJNAM',2,1,2,'15110',-1,-1,CHBLK,21)"
"BOYLAT","Point","objects/BOYLAT.svg","BOYLAT14","Q23a_Pillar_buoy.svg","CUSTOM_SYMBOL_MAP","SY(BOYLAT14);TE('%s','OBJNAM',2,1,2,'15110',-1,-1,CHBLK,21)"
"BOYSAW","Point","objects/BOYSAW.svg","BOYSAW12","Q23a_Pillar_buoy.svg","CUSTOM_SYMBOL_MAP","SY(BOYSAW12);TE('%s','OBJNAM',2,1,2,'15110',-1,-1,CHBLK,21)"
"BOYSPP","Point","objects/BOYSPP.svg","BOYSPP15","Q23a_Pillar_buoy.svg","CUSTOM_SYMBOL_MAP","SY(BOYSPP15);TE('%s','OBJNAM',2,1,2,'15110',-1,-1,CHBLK,21)"
"BUIREL","Point","objects/BUIREL.svg","BUIREL13","","UNRESOLVED","SY(BUIREL13)"
"CGUSTA","Point","objects/CGUSTA.svg","CGUSTA02","","UNRESOLVED","SY(CGUSTA02)"
"CTRPNT","Point","objects/CTRPNT.svg","POSGEN04","","UNRESOLVED","SY(POSGEN04);TE('%s','OBJNAM',3,1,2,'15110',1,-1,CHBLK,21);TE('%4.1lf (m)','HEIGHT',3,1,2,'15110',1,1,CHBLK,11)"
"CURENT","Point","objects/CURENT.svg","CURENT01,ORIENT","","UNRESOLVED","SY(CURENT01,ORIENT);TE('%4.1lf kn','CURVEL',3,1,2,'15110',1,-1,CHBLK,31)"
"DAYMAR","Point","objects/DAYMAR.svg","DAYSQR01","","UNRESOLVED","SY(DAYSQR01);TE('%s','OBJNAM',2,1,2,'15110',-1,-1,CHBLK,21)"
"DISMAR","Point","objects/DISMAR.svg","DISMAR04","","UNRESOLVED","SY(DISMAR04);TX(INFORM,3,2,2,'15110',2,0,CHMGD,21)"
"FOGSIG","Point","objects/FOGSIG.svg","FOGSIG01","R1_Fog_signal.svg","CUSTOM_SYMBOL_MAP","SY(FOGSIG01)"
"LIGHTS","Point","objects/LIGHTS.svg","LIGHTS","S1_Ra_transponder_wLight.svg","SEMANTIC_TOKEN","CS(LIGHTS05)"
"LITFLT","Point","objects/LITFLT.svg","LITFLT02","Q30_Light_float.svg","CUSTOM_SYMBOL_MAP","SY(LITFLT02);TE('%s','OBJNAM',2,1,2,'15110',-1,-1,CHBLK,21)"
"LITVES","Point","objects/LITVES.svg","LITVES02","Q32_Light_vessel.svg","CUSTOM_SYMBOL_MAP","SY(LITVES02);TE('LtV %s','OBJNAM',2,1,2,'15110',-1,-1,CHBLK,21)"
"MONUMT","Point","objects/MONUMT.svg","MONUMT12","","UNRESOLVED","SY(MONUMT12)"
"PILPNT","Point","objects/PILPNT.svg","PILPNT02","F22_Post.svg","CUSTOM_SYMBOL_MAP","SY(PILPNT02)"
"RADRFL","Point","objects/RADRFL.svg","RADRFL03","S5_Radar_conspicuous.svg","CUSTOM_SYMBOL_MAP","SY(RADRFL03)"
"RADSTA","Point","objects/RADSTA.svg","RDOSTA02","S1_Ra_transponder_bn.svg","CUSTOM_SYMBOL_MAP","SY(RDOSTA02);TE('ch %s','COMCHA',3,1,2,'15110',0,0,CHBLK,11)"
"RDOSTA","Point","objects/RDOSTA.svg","DGPS01DRFSTA01","","UNRESOLVED","SY(DGPS01DRFSTA01)"
"RETRFL","Point","objects/RETRFL.svg","RETRFL02","","UNRESOLVED","SY(RETRFL02)"
"RSCSTA","Point","objects/RSCSTA.svg","RSCSTA02","","UNRESOLVED","SY(RSCSTA02)"
"RTPBCN","Point","objects/RTPBCN.svg","RTPBCN02","S1_Ra_transponder_bn.svg","CUSTOM_SYMBOL_MAP","SY(RTPBCN02)"
"SISTAT","Point","objects/SISTAT.svg","SISTAT02","","UNRESOLVED","SY(SISTAT02)"
"SISTAW","Point","objects/SISTAW.svg","SISTAT02","","UNRESOLVED","SY(SISTAT02)"
"SOUNDG","Point","objects/SOUNDG.svg","SOUNDG","","UNRESOLVED","CS(SOUNDG02)"
"SPRING","Point","objects/SPRING.svg","SPRING02","","UNRESOLVED","SY(SPRING02)"
"TOPMAR","Point","objects/TOPMAR.svg","TOPMAR98","Q9_Arrow.svg","CUSTOM_SYMBOL_MAP","SY(TOPMAR98);TX(OBJNAM,3,2,2,'1508',1,-1,CHBLK,26)"
"TOWERS","Point","objects/TOWERS.svg","TOWERS03","","UNRESOLVED","SY(TOWERS03);TX(OBJNAM,3,2,2,'15110',1,-1,CHBLK,26)"
"UWTROC","Point","objects/UWTROC.svg","UWTROC","K11b_Rock_uncovers.svg","CUSTOM_SYMBOL_MAP","CS(OBSTRN04)"
"BCNWTW","Point","objects/BCNWTW.svg","BCNLAT50","Q90_Stake_pole.svg","CUSTOM_SYMBOL_MAP","SY(BCNLAT50);TX(OBJNAM,2,1,2,'14106',-1,-1,CHBLK,21)"
"BOYWTW","Point","objects/BOYWTW.svg","BOYLAT53","Q23a_Pillar_buoy.svg","CUSTOM_SYMBOL_MAP","SY(BOYLAT53);TX(OBJNAM,2,1,2,'14106',-1,-1,CHBLK,21)"
"CURSOR","Point","objects/CURSOR.svg","CURSRB01","","UNRESOLVED","SY(CURSRB01)"
"EVENTS","Point","objects/EVENTS.svg","EVENTS02","","UNRESOLVED","SY(EVENTS02);TX(OBJNAM,3,2,3,'15110',1,0,CHBLK,50)"
"MARNOT","Point","objects/MARNOT.svg","CHINFO08","","UNRESOLVED","SY(CHINFO08);TX(usrmrk,3,1,2,'15110',0,0,CHBLK,50)"
"NOTMRK","Point","objects/NOTMRK.svg","NMKINF06","","UNRESOLVED","SY(NMKINF06);SY(ADDMRK01);SY(ADDMRK02);SY(ADDMRK05)"
"OWNSHP","Point","objects/OWNSHP.svg","OWNSHP","","UNRESOLVED","CS(OWNSHP02)"
"PLNPOS","Point","objects/PLNPOS.svg","PLNPOS01","","UNRESOLVED","SY(PLNPOS01);SY(PLNPOS02,ORIENT);TX(plndat,1,2,2,'15110',4,3,CHBLK,50);"
"POSITN","Point","objects/POSITN.svg","POSITN02","","UNRESOLVED","SY(POSITN02);TX('M',3,3,2,'15110',1,1,CHBLK,50);TX(loctim,1,1,2,'15110',0,-1,CHBLK,50)"
"REFDMP","Point","objects/REFDMP.svg","REFDMP01","","UNRESOLVED","SY(REFDMP01)"
"REFPNT","Point","objects/REFPNT.svg","REFPNT02","","UNRESOLVED","SY(REFPNT02)"
"TIDCUR","Point","objects/TIDCUR.svg","TIDCUR01,ORIENT","","UNRESOLVED","SY(TIDCUR01,ORIENT);SY(TIDCUR03);TX('P',2,3,2,'15110',-4,2,CHBLK,50);TX(curstr,2,3,2,'15110',-1,2,CHBLK,50);TX(loctim,3,1,2,'15110',1,-2,CHBLK,50)"
"VESSEL","Point","objects/VESSEL.svg","VESSEL","","UNRESOLVED","CS(VESSEL01)"
"WAYPNT","Point","objects/WAYPNT.svg","WAYPNT11","","UNRESOLVED","SY(WAYPNT11);TX(OBJNAM,3,1,3,'15110',1,-1,CHBLK,50)"
"WTWGAG","Point","objects/WTWGAG.svg","WTLVGG02","","UNRESOLVED","SY(WTLVGG02)"
"$CSYMB","Point","objects/$CSYMB.svg","ACHRES61","","UNRESOLVED","SY(ACHRES61)"
"_BCNGN","Point","objects/_BCNGN.svg","BCNGEN01","Q83_Beacon_submerged_rock.svg","SEMANTIC_TOKEN","SY(BCNGEN01);TE('%s','OBJNAM',2,1,2,'15110',-1,-2,CHBLK,21)"
"_BOYGN","Point","objects/_BOYGN.svg","BOYPIL69","Q22a_Spherical_buoy.svg","SEMANTIC_TOKEN","SY(BOYPIL69);TE('%s','OBJNAM',2,1,2,'15110',-1,-1,CHBLK,21)"
"_EXTGN","Point","objects/_EXTGN.svg","STARPT01","","UNRESOLVED","SY(STARPT01);TE('%s','OBJNAM',2,1,2,'15110',-1,-1,CHBLK,21)"
"_SLGTO","Point","objects/_SLGTO.svg","BOYSPR04","Q22a_Spherical_buoy.svg","SEMANTIC_TOKEN","SY(BOYSPR04);TE('%s','OBJNAM',2,1,2,'15110',-1,-1,CHBLK,21)"
"_TEXTO","Point","objects/_TEXTO.svg","WRECKS04","K30_Wreck_safe_clearance.svg","SEMANTIC_TOKEN","SY(WRECKS04);TX(_texta,$JUSTH=3,$JUSTV=1,$SPACE=2,'15110',0,0,CHBLK,27)"
"_RDOCAL","Point","objects/_RDOCAL.svg","RDOCAL02,ORIENT","M40_1b_Radio_calling_in.svg","CUSTOM_SYMBOL_MAP","SY(RDOCAL02,ORIENT);TX(COMCHA,1,2,2,'14106',0,0,CHMGD,11);TX(OBJNAM,3,2,2,'14106',2,-2,CHBLK,11)"
"ANNOTA","Point","objects/ANNOTA.svg","ANNOTA","","UNRESOLVED","TX(ANTXT1,3,2,2,'15114',1,0,CHBLK,26)"
"RESTRC","Line","objects/RESTRC.svg","DASH","","UNRESOLVED","LS(DASH,1,CHMGD)"
"TRFLNE","Line","objects/TRFLNE.svg","DASH","","UNRESOLVED","LS(DASH,2,CHMGD)"
"GENNAV","Point","objects/GENNAV.svg","BCNTOW01","Q83_Beacon_submerged_rock.svg","SEMANTIC_TOKEN","SY(BCNTOW01);TE('%s','OBJNAM',2,1,2,'15110',-1,-2,CHBLK,21)"
