name,status,target
"WRECKS01","alias_target_missing","K24_Wreck_showing_hull.svg"
"WRECKS05","alias_target_missing","K25_Wreck_danger_no_depth.svg"
"ACHARE02","missing",""
"ACHARE51","missing",""
"ACHBRT07","missing",""
"ACHPNT01","missing",""
"ACHRES61","missing",""
"ACHRES71","missing",""
"ADDMRK01","missing",""
"ADDMRK02","missing",""
"ADDMRK05","missing",""
"AIRARE02","missing",""
"AISDEF01","missing",""
"AISONE01","missing",""
"AISSIX01","missing",""
"AISSLP01","missing",""
"AISVES01","missing",""
"ARPATG01","missing",""
"ARPONE01","missing",""
"ARPSIX01","missing",""
"B""
    private const val LOOKUPS_DATA_10: String = ""OYCAN71","missing",""
"BCNCAR01","missing",""
"BCNCAR02","missing",""
"BCNCAR03","missing",""
"BCNCAR04","missing",""
"BCNCON81","missing",""
"BCNDEF13","missing",""
"BCNGEN01","missing",""
"BCNGEN03","missing",""
"BCNGEN05","missing",""
"BCNGEN60","missing",""
"BCNGEN61","missing",""
"BCNGEN64","missing",""
"BCNGEN65","missing",""
"BCNGEN68","missing",""
"BCNGEN69","missing",""
"BCNGEN70","missing",""
"BCNGEN71","missing",""
"BCNGEN76","missing",""
"BCNGEN79","missing",""
"BCNGEN80","missing",""
"BCNISD21","missing",""
"BCNLAT15","missing",""
"BCNLAT16","missing",""
"BCNLAT21","missing",""
"BCNLAT22","missing",""
"BCNLAT23","missing",""
"BCNLAT50","missing",""
"BCNLTC01","missing",""
"BCNSAW13","missing",""
"BCNSAW21","missing",""
"BCNSPP13","missing",""
"BCNSPP21","missing",""
"BCNSPR62","missing",""
"BCNSTK02","missing",""
"BCNSTK03","missing",""
"BCNSTK05","missing",""
"BCNSTK08","missing",""
"BCNSTK60","missing",""
"BCNSTK61","missing",""
"BCNSTK62","missing",""
"BCNSTK77","missing",""
"BCNSTK78","missing",""
"BCNSTK79","missing",""
"BCNSTK80","missing",""
"BCNSTK81","missing",""
"BCNSTK82","missing",""
"BCNSTK83","missing",""
"BCNTOW01","missing",""
"BCNTOW05","missing",""
"BCNTOW60","missing",""
"BCNTOW61","missing",""
"BCNTOW62","missing",""
"BCNTOW63","missing",""
"BCNTOW64","missing",""
"BCNTOW65","missing",""
"BCNTOW66","missing",""
"BCNTOW68","missing",""
"BCNTOW69","missing",""
"BCNTOW70","missing",""
"BCNTOW71","missing",""
"BCNTOW74","missing",""
"BCNTOW76","missing",""
"BCNTOW85","missing",""
"BCNTOW86","missing",""
"BCNTOW87","missing",""
"BCNTOW88","missing",""
"BCNTOW89","missing",""
"BCNTOW90","missing",""
"BCNTOW91","missing",""
"BLKADJ01","missing",""
"BORDER01","missing",""
"BOYBAR01","missing",""
"BOYBAR60","missing",""
"BOYBAR61","missing",""
"BOYBAR62","missing",""
"BOYCAN01","missing",""
"BOYCAN60","missing",""
"BOYCAN61","missing",""
"BOYCAN62","missing",""
"BOYCAN63","missing",""
"BOYCAN64","missing",""
"BOYCAN65","missing",""
"BOYCAN68","missing",""
"BOYCAN69","missing",""
"BOYCAN70","missing",""
"BOYCAN72","missing",""
"BOYCAN73","missing",""
"BOYCAN74","missing",""
"BOYCAN75","missing",""
"BOYCAN76","missing",""
"BOYCAN77","missing",""
"BOYCAN78","missing",""
"BOYCAN79","missing",""
"BOYCAN80","missing",""
"BOYCAN81","missing",""
"BOYCAN82","missing",""
"BOYCAN83","missing",""
"BOYCAR01","missing",""
"BOYCAR02","missing",""
"BOYCAR03","missing",""
"BOYCAR04","missing",""
"BOYCON60","missing",""
"BOYCON61","missing",""
"BOYCON62","missing",""
"BOYCON63","missing",""
"BOYCON64","missing",""
"BOYCON65","missing",""
"BOYCON66","missing",""
"BOYCON67","missing",""
"BOYCON68","missing",""
"BOYCON69","missing",""
"BOYCON70","missing",""
"BOYCON71","missing",""
"BOYCON72","missing",""
"BOYCON73","missing",""
"BOYCON74","missing",""
"BOYCON77","missing",""
"BOYCON78","missing",""
"BOYCON79","missing",""
"BOYCON80","missing",""
"BOYCON81","missing",""
"BOYDEF03","missing",""
"BOYGEN03","missing",""
"BOYINB01","missing",""
"BOYISD12","missing",""
"BOYLAT13","missing",""
"BOYLAT14","missing",""
"BOYLAT23","missing",""
"BOYLAT24","missing",""
"BOYLAT25","missing",""
"BOYLAT26","missing",""
"BOYLAT27","missing",""
"BOYLAT50","missing",""
"BOYLAT51","missing",""
"BOYLAT52","missing",""
"BOYLAT53","missing",""
"BOYLAT54","missing",""
"BOYLAT55","missing",""
"BOYLAT56","missing",""
"BOYMOR01","missing",""
"BOYMOR03","missing",""
"BOYMOR11","missing",""
"BOYMOR31","missing",""
"BOYPIL01","missing",""
"BOYPIL59","missing",""
"BOYPIL60","missing",""
"BOYPIL61","missing",""
"BOYPIL62","missing",""
"BOYPIL66","missing",""
"BOYPIL67","missing",""
"BOYPIL68","missing",""
"BOYPIL69","missing",""
"BOYPIL70","missing",""
"BOYPIL71","missing",""
"BOYPIL72","missing",""
"BOYPIL73","missing",""
"BOYPIL74","missing",""
"BOYPIL78","missing",""
"BOYPIL81","missing",""
"BOYSAW12","missing",""
"BOYSPH05","missing",""
"BOYSPH60","missing",""
"BOYSPH62","missing",""
"BOYSPH65","missing",""
"BOYSPH66","missing",""
"BOYSPH68","missing",""
"BOYSPH69","missing",""
"BOYSPH70","missing",""
"BOYSPH71","missing",""
"BOYSPH74","missing",""
"BOYSPH75","missing",""
"BOYSPH77","missing",""
"BOYSPH79","missing",""
"BOYSPP11","missing",""
"BOYSPP15","missing",""
"BOYSPP25","missing",""
"BOYSPR01","missing",""
"BOYSPR02","missing",""
"BOYSPR03","missing",""
"BOYSPR04","missing",""
"BOYSPR05","missing",""
"BOYSPR60","missing",""
"BOYSPR61","missing",""
"BOYSPR62","missing",""
"BOYSPR65","missing",""
"BOYSPR68","missing",""
"BOYSPR69","missing",""
"BOYSPR70","missing",""
"BOYSPR71","missing",""
"BOYSPR72","missing",""
"BOYSUP01","missing",""
"BOYSUP02","missing",""
"BOYSUP03","missing",""
"BOYSUP62","missing",""
"BOYSUP65","missing",""
"BOYSUP66","missing",""
"BRIDGE01","missing",""
"BRTHNO01","missing",""
"BUAARE02","missing",""
"BUIREL01","missing",""
"BUIREL04","missing",""
"BUIREL05","missing",""
"BUIREL13","missing",""
"BUIREL14","missing",""
"BUIREL15","missing",""
"BUISGL01","missing",""
"BUISGL11","missing",""
"BUNSTA01","missing",""
"BUNSTA02","missing",""
"BUNSTA03","missing",""
"CAIRNS01","missing",""
"CAIRNS11","missing",""
"CBLARE51","missing",""
"CGUSTA02","missing",""
"CHCRDEL1","missing",""
"CHCRID01","missing",""
"CHIMNY01","missing",""
"CHIMNY11","missing",""
"CHINFO06","missing",""
"CHINFO07","missing",""
"CHINFO08","missing",""
"CHINFO09","missing",""
"CHINFO10","missing",""
"CHINFO11","missing",""
"CHKSYM01","missing",""
"CLRLIN01","missing",""
"CRANES01","missing",""
"CROSSX02","missing",""
"CTNARE51","missing",""
"CTYARE51","missing",""
"CURDEF01","missing",""
"CURENT01","missing",""
"CURSRA01","missing",""
"CURSRB01","missing",""
"CUSTOM01","missing",""
"DANGER51","missing",""
"DANGER52","missing",""
"DANGER53","missing",""
"DASH","missing",""
"DAYSQR01","missing",""
"DAYSQR21","missing",""
"DAYTRI01","missing",""
"DAYTRI05","missing",""
"DGPS01DRFSTA01","missing",""
"DIAMOND1","missing",""
"DIRBOY01","missing",""
"DIRBOYA1","missing",""
"DIRBOYB1","missing",""
"DISMAR03","missing",""
"DISMAR04","missing",""
"DISMAR05","missing",""
"DISMAR06","missing",""
"DNGHILIT","missing",""
"DOMES001","missing",""
"DOMES011","missing",""
"DOTT","missing",""
"DQUALA11","missing",""
"DQUALA21","missing",""
"DQUALB01","missing",""
"DQUALC01","missing",""
"DQUALD01","missing",""
"DQUALU01","missing",""
"DSHAER01","missing",""
"DSHAER11","missing",""
"DWRTPT51","missing",""
"DWRUTE51","missing",""
"EBBSTR01","missing",""
"EBLVRM11","missing",""
"ERBLTIK1","missing",""
"ESSARE01","missing",""
"EVENTS02","missing",""
"FAIRWY51","missing",""
"FAIRWY52","missing",""
"FLASTK01","missing",""
"FLASTK11","missing",""
"FLDSTR01","missing",""
"FLGSTF01","missing",""
"FLTHAZ02","missing",""
"FOGSIG01","missing",""
"FORSTC01","missing",""
"FORSTC11","missing",""
"FOULGND1","missing",""
"FRYARE51","missing",""
"FRYARE52","missing",""
"FSHFAC02","missing",""
"FSHFAC03","missing",""
"FSHFAC04","missing",""
"FSHGRD01","missing",""
"FSHHAV01","missing",""
"FSHHAV02","missing",""
"GATCON03","missing",""
"GATCON04","missing",""
"HECMTR01","missing",""
"HECMTR02","missing",""
"HGWTMK01","missing",""
"HILTOP01","missing",""
"HILTOP11","missing",""
"HRBFAC09","missing",""
"HRBFAC10","missing",""
"HRBFAC11","missing",""
"HRBFAC12","missing",""
"HRBFAC13","missing",""
"HRBFAC14","missing",""
"HRBFAC15","missing",""
"HRBFAC16","missing",""
"HRBFAC17","missing",""
"HRBFAC18","missing",""
"HULKES01","missing",""
"ICEARE04","missing",""
"INFARE51","missing",""
"INFORM01","missing",""
"ISODGR51","missing",""
"ITZARE51","missing",""
"LITFLT01","missing",""
"LITFLT02","missing",""
"LITFLT10","missing",""
"LITFLT61","missing",""
"LITVES01","missing",""
"LITVES02","missing",""
"LITVES60","missing",""
"LITVES61","missing",""
"LNDARE01","missing",""
"LOCMAG01","missing",""
"LOCMAG51","missing",""
"MAGVAR01","missing",""
"MAGVAR51","missing",""
"MARCUL02","missing",""
"MARSHES1","missing",""
"MONUMT02","missing",""
"MONUMT12","missing",""
"MORFAC03","missing",""
"MORFAC04","missing",""
"MSTCON04","missing",""
"MSTCON14","missing",""
"NEWOBJ 01","missing",""
"NEWOBJ01","missing",""
"NMKINF01","missing",""
"NMKINF02","missing",""
"NMKINF03","missing",""
"NMKINF04","missing",""
"NMKINF05","missing",""
"NMKINF06","missing",""
"NMKINF19","missing",""
"NMKINF20","missing",""
"NMKINF21","missing",""
"NMKINF22","missing",""
"NMKINF23","missing",""
"NMKINF24","missing",""
"NMKINF25","missing",""
"NMKINF26","missing",""
"NMKINF27","missing",""
"NMKINF28","missing",""
"NMKINF29","missing",""
"NMKINF38","missing",""
"NMKINF40","missing",""
"NMKINF43","missing",""
"NMKINF44","missing",""
"NMKINF45","missing",""
"NMKINF46","missing",""
"NMKINF47","missing",""
"NMKINF48","missing",""
"NMKINF49","missing",""
"NMKINF50","missing",""
"NMKINF53","missing",""
"NMKPRH02","missing",""
"NMKPRH06","missing",""
"NMKPRH07","missing",""
"NMKPRH08","missing",""
"NMKPRH10","missing",""
"NMKPRH11","missing",""
"NMKPRH12","missing",""
"NMKPRH13","missing",""
"NMKPRH14","missing",""
"NMKRCD01","missing",""
"NMKRCD02","missing",""
"NMKRCD03","missing",""
"NMKRCD04","missing",""
"NMKRCD05","missing",""
"NMKRCD06","missing",""
"NMKREG01","missing",""
"NMKREG02","missing",""
"NMKREG03","missing",""
"NMKREG10","missing",""
"NMKREG11","missing",""
"NMKREG12","missing",""
"NMKREG13","missing",""
"NMKREG14","missing",""
"NMKREG15","missing",""
"NMKREG16","missing",""
"NMKREG17","missing",""
"NMKREG19","missing",""
"NMKREG20","missing",""
"NODATA03","missing",""
"NORTHAR1","missing",""
"NOTBRD11","missing",""
"NOTBRD12","missing",""
"NOTMRK01","missing",""
"NOTMRK02","missing",""
"NOTMRK03","missing",""
"OBSTRN01","missing",""
"OBSTRN02","missing",""
"OBSTRN03","missing",""
"OBSTRN11","missing",""
"OFSPLF01","missing",""
"OSPONE02","missing",""
"OSPSIX02","missing",""
"OVERSC01","missing",""
"OWNSHP01","missing",""
"OWNSHP05","missing",""
"PIER0001","missing",""
"PILBOP02","missing",""
"PILPNT02","missing",""
"PLNPOS01","missing",""
"PLNPOS02","missing",""
"PLNSPD03","missing",""
"PLNSPD04","missing",""
"POSGEN01","missing",""
"POSGEN03","missing",""
"POSGEN04","missing",""
"POSITN02","missing",""
"PRCARE12","missing",""
"PRCARE51","missing",""
"PRDINS02","missing",""
"PRICKE03","missing",""
"PRICKE04","missing",""
"PRTSUR01","missing",""
"PSSARE01","missing",""
"QUAPOS01","missing",""
"QUARRY01","missing",""
"QUESMRK1","missing",""
"RACNSP01","missing",""
"RADRFL03","missing",""
"RASCAN01","missing",""
"RASCAN11","missing",""
"RCKLDG01","missing",""
"RCLDEF01","missing",""
"RCTLPT52","missing",""
"RDOCAL02","missing",""
"RDOCAL03","missing",""
"RDOSTA02","missing",""
"RECDEF51","missing",""
"RECTRC55","missing",""
"RECTRC56","missing",""
"RECTRC57","missing",""
"RECTRC58","missing",""
"REFDMP01","missing",""
"REFPNT02","missing",""
"RETRFL01","missing",""
"RETRFL02","missing",""
"RFNERY01","missing",""
"RFNERY11","missing",""
"ROLROL01","missing",""
"RSCSTA02","missing",""
"RTLDEF51","missing",""
"RTPBCN02","missing",""
"SCALEB10","missing",""
"SCALEB11","missing",""
"SILBUI01","missing",""
"SILBUI11","missing",""
"SISTAT02","missing",""
"SMCFAC02","missing",""
"SNDWAV01","missing",""
"SNDWAV02","missing",""
"SOLD","missing",""
"SPRING02","missing",""
"SSENTR01","missing",""
"SSLOCK01","missing",""
"SSWARS01","missing",""
"STARPT01","missing",""
"SWPARE51","missing",""
"TERMNL01","missing",""
"TERMNL02","missing",""
"TERMNL03","missing",""
"TERMNL04","missing",""
"TERMNL05","missing",""
"TERMNL06","missing",""
"TERMNL07","missing",""
"TERMNL08","missing",""
"TERMNL09","missing",""
"TERMNL10","missing",""
"TERMNL11","missing",""
"TERMNL12","missing",""
"TERMNL13","missing",""
"TIDCUR01","missing",""
"TIDCUR02","missing",""
"TIDCUR03","missing",""
"TIDEHT01","missing",""
"TIDSTR01","missing",""
"TMBYRD01","missing",""
"TNKCON02","missing",""
"TNKCON12","missing",""
"TNKFRM01","missing",""
"TNKFRM11","missing",""
"TOPMA100","missing",""
"TOPMA102","missing",""
"TOPMA106","missing",""
"TOPMA107","missing",""
"TOPMA109","missing",""
"TOPMA111","missing",""
"TOPMA113","missing",""
"TOPMA114","missing",""
"TOPMA115","missing",""
"TOPMA116","missing",""
"TOPMA117","missing",""
"TOPMAR01","missing",""
"TOPMAR87","missing",""
"TOPMAR88","missing",""
"TOPMAR90","missing",""
"TOPMAR91","missing",""
"TOPMAR92","missing",""
"TOPMAR93","missing",""
"TOPMAR98","missing",""
"TOPMAR99","missing",""
"TOPSHP00","missing",""
"TOPSHP01","missing",""
"TOPSHP02","missing",""
"TOPSHP03","missing",""
"TOPSHP04","missing",""
"TOPSHP05","missing",""
"TOPSHP07","missing",""
"TOPSHP08","missing",""
"TOPSHP09;TE('%s","missing",""
"TOPSHP10","missing",""
"TOPSHP11","missing",""
"TOPSHP12","missing",""
"TOPSHP13","missing",""
"TOPSHP15;TE('%s","missing",""
"TOPSHP16","missing",""
"TOPSHP17","missing",""
"TOPSHP18","missing",""
"TOPSHP19","missing",""
"TOPSHP20","missing",""
"TOPSHP21","missing",""
"TOPSHP22","missing",""
"TOPSHP23","missing",""
"TOPSHP24","missing",""
"TOPSHP25","missing",""
"TOPSHP28","missing",""
"TOPSHP29","missing",""
"TOPSHP30","missing",""
"TOPSHP31","missing",""
"TOPSHP32","missing",""
"TOPSHP33","missing",""
"TOPSHP34","missing",""
"TOPSHP35","missing",""
"TOPSHP36","missing",""
"TOPSHP37","missing",""
"TOPSHP38","missing",""
"TOPSHP40","missing",""
"TOPSHP41","missing",""
"TOPSHP42","missing",""
"TOPSHP43","missing",""
"TOPSHP44","missing",""
"TOPSHP47","missing",""
"TOPSHP48","missing",""
"TOPSHP51","missing",""
"TOPSHP52","missing",""
"TOPSHP53","missing",""
"TOPSHP54","missing",""
"TOPSHP55","missing",""
"TOPSHP58","missing",""
"TOPSHP61","missing",""
"TOPSHP62","missing",""
"TOPSHP63","missing",""
"TOPSHP64","missing",""
"TOPSHP65","missing",""
"TOPSHP67","missing",""
"TOPSHP69","missing",""
"TOPSHP70","missing",""
"TOPSHP71","missing",""
"TOPSHP72","missing",""
"TOPSHP73;TE('%s","missing",""
"TOPSHP74","missing",""
"TOPSHP76","missing",""
"TOPSHP77","missing",""
"TOPSHP78","missing",""
"TOPSHP79","missing",""
"TOPSHP80","missing",""
"TOPSHP81;TE('%s","missing",""
"TOPSHP82","missing",""
"TOPSHP83","missing",""
"TOPSHP84","missing",""
"TOPSHP85","missing",""
"TOPSHP87","missing",""
"TOPSHP88","missing",""
"TOPSHP89;TE('%s","missing",""
"TOPSHP90","missing",""
"TOPSHP91","missing",""
"TOPSHP92","missing",""
"TOPSHP93","missing",""
"TOPSHP94","missing",""
"TOPSHP95","missing",""
"TOPSHP96","missing",""
"TOPSHP97","missing",""
"TOPSHP98","missing",""
"TOPSHP99","missing",""
"TOPSHPA0","missing",""
"TOPSHPA1","missing",""
"TOPSHPA2","missing",""
"TOPSHPA3","missing",""
"TOPSHPA4","missing",""
"TOPSHPA5","missing",""
"TOPSHPA6","missing",""
"TOPSHPA7","missing",""
"TOPSHPA8","missing",""
"TOPSHPA9","missing",""
"TOPSHPB0","missing",""
"TOPSHPD1","missing",""
"TOPSHPD2","missing",""
"TOPSHPD3","missing",""
"TOPSHPD5","missing",""
"TOPSHPI1","missing",""
"TOPSHPI2","missing",""
"TOPSHPI3","missing",""
"TOPSHPJ1","missing",""
"TOPSHPJ3","missing",""
"TOPSHPP2","missing",""
"TOPSHPR1","missing",""
"TOPSHPS1","missing",""
"TOPSHPT1","missing",""
"TOPSHPT2","missing",""
"TOPSHPT3","missing",""
"TOPSHPT4","missing",""
"TOPSHPT5","missing",""
"TOPSHPT6","missing",""
"TOPSHPT7","missing",""
"TOPSHPT8;TE('%s","missing",""
"TOPSHPU1","missing",""
"TOPSHPU2","missing",""
"TOPSHQ06","missing",""
"TOPSHQ07","missing",""
"TOPSHQ08","missing",""
"TOPSHQ15","missing",""
"TOPSHQ16","missing",""
"TOPSHQ17","missing",""
"TOPSHQ18","missing",""
"TOPSHQ19","missing",""
"TOPSHQ20","missing",""
"TOPSHQ21","missing",""
"TOPSHQ22","missing",""
"TOPSHQ23","missing",""
"TOPSHQ24","missing",""
"TOPSHQ25","missing",""
"TOPSHQ26","missing",""
"TOPSHQ27","missing",""
"TOPSHQ28","missing",""
"TOPSHQ29","missing",""
"TOPSHQ30","missing",""
"TOPSHQ31","missing",""
"TOPSHQ32","missing",""
"TOWERS01","missing",""
"TOWERS02","missing",""
"TOWERS03","missing",""
"TOWERS05","missing",""
"TOWERS12","missing",""
"TOWERS15","missing",""
"TOWERS48","missing",""
"TOWERS49","missing",""
"TOWERS50","missing",""
"TOWERS51","missing",""
"TOWERS52","missing",""
"TOWERS53","missing",""
"TOWERS54","missing",""
"TOWERS55","missing",""
"TOWERS56","missing",""
"TOWERS57","missing",""
"TOWERS58","missing",""
"TOWERS59","missing",""
"TOWERS60","missing",""
"TOWERS61","missing",""
"TOWERS62","missing",""
"TOWERS63","missing",""
"TOWERS64","missing",""
"TOWERS65","missing",""
"TOWERS66","missing",""
"TOWERS67","missing",""
"TOWERS68","missing",""
"TOWERS69","missing",""
"TOWERS70","missing",""
"TOWERS71","missing",""
"TOWERS72","missing",""
"TOWERS73","missing",""
"TOWERS74|;TX(OBJNAM","missing",""
"TOWERS75","missing",""
"TOWERS76","missing",""
"TOWERS77","missing",""
"TOWERS78","missing",""
"TOWERS79","missing",""
"TOWERS80","missing",""
"TOWERS81","missing",""
"TOWERS82","missing",""
"TOWERS83","missing",""
"TOWERS84","missing",""
"TOWERS85","missing",""
"TOWERS86","missing",""
"TOWERS87","missing",""
"TOWERS88","missing",""
"TOWERS89","missing",""
"TOWERS90","missing",""
"TOWERS91","missing",""
"TOWERS92","missing",""
"TOWERS93","missing",""
"TOWERS94","missing",""
"TOWERS95","missing",""
"TOWERS96","missing",""
"TOWERS97","missing",""
"TOWERS98","missing",""
"TOWERS99","missing",""
"TREPNT04","missing",""
"TREPNT05","missing",""
"TRNBSN01","missing",""
"TSSCRS51","missing",""
"TSSJCT02","missing",""
"TSSLPT51","missing",""
"TSSRON51","missing",""
"TWRDEF51","missing",""
"TWRTPT52","missing",""
"TWRTPT53","missing",""
"UNITFTH1","missing",""
"UNITMTR1","missing",""
"UWTROC03","missing",""
"UWTROC04","missing",""
"VECGND01","missing",""
"VECGND21","missing",""
"VECWTR01","missing",""
"VECWTR21","missing",""
"VEGATN03","missing",""
"VEGATN04","missing",""
"VEHTRF01","missing",""
"VTCLMK01","missing",""
"WATTUR02","missing",""
"WAYPNT01","missing",""
"WAYPNT03","missing",""
"WAYPNT11","missing",""
"WEDKLP03","missing",""
"WIMCON01","missing",""
"WIMCON11","missing",""
"WNDFRM51","missing",""
"WNDFRM61","missing",""
"WNDMIL02","missing",""
"WNDMIL12","missing",""
"WRECKS04","missing",""
"WTLVGG01","missing",""
"WTLVGG02","missing",""
"ZZZZZZ01","missing",""
"boyspp50","missing",""
"rdocal02","missing",""
"rdocal03","missing",""
